Term,pval,fdr,nes,es,gene
Lysine N-methyltransferase Activity (GO:0016278),0.3223684210526316,0.7811102341489081,1.1406531715199053,0.47958795501716484,EHMT1;SETD3;METTL21EP;SETD6;METTL22;SMYD2;VCPKMT;METTL21A;SETD2
Telomerase RNA Binding (GO:0070034),0.2390488110137672,0.7691673936221771,1.2206064112791983,0.5061077661678534,SNRPD3;WRAP53;PARN;NOP10;HNRNPC;SNRPB;HNRNPU
Cytokine Activity (GO:0005125),0.9515640766902119,1.0,0.6793611364861873,0.22105581133376287,IL17D;GDF9;TGFB2;GDF6;MEN1;WNT4;FAM3C;GDF3;AMH;AIMP1;WNT11;BMP7;HMGB1
Protein Tyrosine Kinase Binding (GO:1990782),0.6894736842105263,0.9956153755730576,0.874831819681156,0.29719258544582416,CEACAM7;MST1L;TOB1;GRB14;MST1;GAS6;PTPN2;PITPNM2;DUSP3;TREM2;ELMO2;BLNK;KHDRBS1;DUSP22
Nucleobase-Containing Compound Kinase Activity (GO:0019205),0.34877384196185285,0.8063329940874285,1.0983466478227863,0.4637727004965336,NME3;HEXIM1;NME2;NME1;NME4
Telomeric DNA Binding (GO:0042162),0.2080856123662307,0.7814837550871928,1.2507981319308967,0.467421010645165,TERF2IP;TERF1;TELO2;UPF1;HNRNPD;HNRNPA2B1;RPA1;UPF3A;APEX1;KDM1A;TERF2;CTC1;ZBTB48
Taste Receptor Activity (GO:0008527),0.33155792276964047,0.7975763197160947,1.127988183635344,0.4643139258499184,TAS2R14;TAS2R13;TAS2R10;TAS2R31
poly(A) Binding (GO:0008143),0.6264009962640099,0.994715178416836,0.8774307861659775,0.3487551512560422,RBPMS;PPIE;PABPN1;PABPC1L;ZC3H14
Ubiquitin-Specific Protease Binding (GO:1990381),0.9184782608695652,1.0,0.5914006832837538,0.2546289123820195,BAG6;SPATA2;RAD23A;DERL2;SUMO1;DERL1
Protein Serine/Threonine Kinase Activity (GO:0004674),0.286,0.8066183241252302,1.084350173058861,0.34666852013237187,AKT2;CLK2;HIPK4;DYRK1B;ULK2;CAMK2B;MAP3K10;PRKAA1;ERN2;CAMK2G;DYRK1A;PLK3;ATM;STK4;ULK3;LATS2;BMPR1A;NEK9;CLK3;GRK6;CDK11A;PRKCH;MAP4K1;TLK1;PAK1;CDK19;CDK11B;MAST2;RPS6KB1;CLK4;STK36;HTATIP2;TLK2;PAK6;PAK4;STK25;ILK;PIK3R4;MASTL;STK16;PRKCZ;CDK20;TESK1;BRD2;MAP3K11;EIF2AK3;CDKL4;NEK10;VRK2
NADH Dehydrogenase (Ubiquinone) Activity (GO:0008137),0.6935096153846154,1.0,0.8164321711886717,0.3037045291311335,NDUFC1;NDUFB4;NDUFS8;NDUFV2;NDUFA7;NDUFB8;NDUFA5;NDUFS5;NDUFC2;NDUFB10;NDUFA2;NDUFS3
Glucose Transmembrane Transporter Activity (GO:0005355),0.6933962264150944,1.0,-0.8443951551664817,-0.2571468851857034,SLC2A11;SLC2A1;SLC5A10;SLC2A9;SLC2A3;SLC5A1;SLC5A11
Phospholipase A2 Activity (GO:0004623),0.4095238095238095,0.8138591831102525,-1.0038089812257813,-0.29934992433985524,PLA2G4C;PLA2G5;PNPLA2;PNPLA3;PLA2G15;PLA2G4D;PLA2G7;PLA2G10;PNPLA8;PLA2G4A;PLA2G2D;PLA2G12A;PLB1;PNPLA4
Pentosyltransferase Activity (GO:0016763),0.5347467608951708,0.9694864133498703,0.9628704495778119,0.35670372676887396,PARP6;ZC3HAV1;PARP16;SIRT5;SIRT3
Chemokine Activity (GO:0008009),0.009900990099009901,0.4715089002345798,-1.6449567164184002,-0.37298354873611916,CCL8;CCL26;CCL22;XCL2;CCL2;CX3CL1;CCL7;CCL25;CCL5;XCL1;CXCL12;PF4V1;CCL23;ENC1;CCL13;CCL27;CCL21;CCL14;CXCL9;CXCL8;CCL4;CCL3L1;CCL19;CCL24;CXCL2;CXCL13;CCL3;CCL18;CCL17;PPBP;CCL20;CCL15;CXCL10;CXCL11;CCL1;CXCL3;CCL16;CCL11;CXCL1;CXCL6
Cysteine-Type Endopeptidase Inhibitor Activity Involved In Apoptotic Process (GO:0043027),0.984993178717599,1.0,0.44087770380570823,0.18297629922845415,GAS6;NAIP;BIRC2;NOL3;PRDX5
Syntaxin Binding (GO:0019905),0.17386489479512734,0.7624309392265194,1.260845200307923,0.44993211982785486,SYT1;VPS52;VPS11;SYT8;SNAP29;PTPN2;NAPG;SNAP25;STX10;VAMP2;VAMP3;UNC13B;STXBP4;STX8;SCFD1;STX7;PRRT2
Metal Ion Binding (GO:0046872),0.996,1.0,0.6547921344141557,0.20756930628630071,FOXK2;CALML4;MCTP2;CAPN3;ITSN1;CDHR5;ERN2;MEX3B;SYT1;ANXA5;MICU3;S100A14;STK4;DXO;SYT8;ADAMTS13;MSH6;ANXA7;MAST2;VSNL1;CPNE1;C2CD5;HPCAL1;ATP2A1;KCNIP2;CALR3;MT1X;MBLAC1;STIM2;NUDT22;DIS3L2;CDH2;EFHD2;HSPE1;PITPNM2;S100A6;PLA2G1B;TDP2;CIB1;YDJC;ME1;EXD2;CISD3;NME1;THBS3;CABYR;MAP2K7;MICU2;ENDOG;MTPAP;PAPOLA;GALNT3;TUBB4A;ALOX15B;BRSK1;APEX1;TNNC1;MAN1B1;ATP10D;ANXA6;MYL12B;PDCD6;CALM2
Protein Kinase Inhibitor Activity (GO:0004860),0.08564814814814815,0.5748521857129011,1.4395514922511876,0.5200272585062354,CDKN1A;SOCS1;SH3BP5;CAMK2N2;HEXIM1;PPP1R1B;PRKRIP1;PARVA;DNAJC3;CDKN1C;CIB1;IBTK
Neutral L-amino Acid Transmembrane Transporter Activity (GO:0015175),0.0,0.8684007175382917,-1.7460849329408574,-0.44783643628746905,SLC6A6;SLC38A7;SLC25A38;SLC38A1;SLC38A6;SLC43A2;SLC43A1;SLC7A9;SLC38A9;SLC38A2;SLC25A12;SLC36A1;SLC38A4;SLC1A3;SLC7A8;SLC3A2;SLC7A5;SLC1A2;SLC1A1;SLC6A20;SLC6A14;SLC36A3;SLC1A5;SLC6A7;SLC1A7;SLC38A5
RNA Polymerase Core Enzyme Binding (GO:0043175),0.021176470588235293,0.6134131368937998,1.5982367302470015,0.5965504969704772,UVSSA;PCF11;AGO2;RPRD2;URI1;RRN3;GTF2B;ERCC5;RTRAF;ERBB2;CDC73;RECQL5;ELP4;MAF1;PEX2;ELOF1;SMYD2;HNRNPU;CCAR2;CTR9
Protein Phosphorylated Amino Acid Binding (GO:0045309),0.9,0.9781696355508777,-0.7717466577482095,-0.1840893859586592,RASA1;NEDD4;LDLRAP1;BCAR3;PTPN11;NCK2;PLCG2;CRK
Actin Monomer Binding (GO:0003785),0.8132780082987552,0.9673733331660751,-0.7641113358273466,-0.2398330488964942,TWF2;MYL3;LIMA1;MTSS1
Voltage-Gated Potassium Channel Activity (GO:0005249),0.4326923076923077,0.8864958225385231,1.0275942186806364,0.34905099302177534,KCNJ1;KCNC2;KCNK1;KCNV2;KCNIP2;HCN4;KCNN2;HCN3;KCNQ1
Mitogen-Activated Protein Kinase Binding (GO:0051019),0.8377693282636248,1.0,0.690673478040955,0.2700982201223784,CDK5RAP3;GCH1;TPR
Calcium Channel Activity (GO:0005262),0.1704781704781705,0.7864261726790164,1.2393708368801106,0.41339632813305216,SLC24A2;TRPM1;TRPV6;SLC24A3;CACNB2;CACNB4;TRPV5;PKD1;MCOLN1;TRPC3;STIM2;TRPC1;SLC24A5;SLC24A1;CACNB1;TMCO1;CACNA1D;CACNA1C;ANXA6;TRPM7
Protein Tyrosine/Serine/Threonine Phosphatase Activity (GO:0008138),0.8894806924101198,1.0,0.6079489188042108,0.2410046236643123,DUSP8
Protein Phosphatase Binding (GO:0019903),0.17857142857142858,0.6806462798045522,-1.1421134833430453,-0.22761212214654025,VRK3;AP3B1;IGBP1;PPP1R15A;STYXL1;PXN;ATP2B4;PPP1R3B;GNA12;STAT3;STAT6;PPP1R3F;SLC9A1;JAK3;TP53;STRN;MAPK14;MVP;MTMR3;STRN4;HSP90B1;MYO16;NEK2;CEACAM1;SH3RF2;PPP3CB;GRIN3A;CDH5;JUP;IKBKE;ITGA1;BOD1;MAPK8;MAP3K5;CTNNB1;PIK3R1;MFHAS1;CTTNBP2NL;MYOZ2;FCRL6;LCK;SMG7;MET;PPP1R11;GTF2F1
Kinase Inhibitor Activity (GO:0019210),0.13493975903614458,0.6921323551610664,1.3283955902555113,0.4956332561346203,CDKN1A;SOCS1;SH3BP5;HEXIM1;PPP1R1B;PRKRIP1;PARVA;DNAJC3;CDKN1C;FZR1
5'-3' RNA Polymerase Activity (GO:0034062),0.41589403973509936,0.8176189058347394,1.0687171758073446,0.44994607417727817,POLR2I;POLR3F;POLR2J;POLR3G;POLR2A
Lipase Activity (GO:0016298),0.7970183486238532,1.0,0.7585093695796921,0.27353691534550995,FAAH;DDHD2
Monoatomic Ion Gated Channel Activity (GO:0022839),0.872,0.9865674234368785,-0.7737738620634812,-0.18888901960474624,TMEM63C;CHRNB1;KCNK15;TRPM4;KCNA3;TMC7;TMC4;CACNA1H;TMC1;PIEZO2;TMEM63B;KCNT1;CALHM1;ANO10;TMC8;CNGB1;ANO6;TMC3;CALHM3;PKD2L1
Ankyrin Binding (GO:0030506),0.582109479305741,0.9887719210923629,0.9048615587546257,0.3778816172489412,KCTD6
Ephrin Receptor Binding (GO:0046875),0.6840731070496083,1.0,0.8307297464275979,0.3331367732670266,ANKS1A;CHN1;EFNA4;SHC1;EFNA3;ANKS1B;CBL;GRB2
Sterol Transfer Activity (GO:0120015),0.01937984496124031,0.5945678671634239,-1.6550895314916318,-0.49884943579435626,GRAMD1A;NPC2;TSPO;STARD5;ABCG1;GRAMD1B;GRAMD1C;PLTP
Notch Binding (GO:0005112),0.4108527131782946,0.846786800291233,1.0501723588628866,0.41573013059338576,MEGF10;HIF1AN;DLL1;GALNT11;SNED1;ATRNL1
Phosphatidylinositol Kinase Activity (GO:0052742),0.7413793103448276,1.0,0.7463011986729944,0.3160577990350111,PIK3CA;PIP5K1A
Exonuclease Activity (GO:0004527),0.25551684088269455,0.8056856135093798,1.1619422562686068,0.41901394220154464,APLF;DXO;EXOG;EXOSC8;DCPS;ZC3H12A;CNOT7;EXD2;EXOSC1;APEX1;POLG;REXO1;EXOSC4;EXD1
Metal Ion Transmembrane Transporter Activity (GO:0046873),0.3333333333333333,0.735375166246341,-1.0785008191323004,-0.2920232888605499,MAGT1;MMGT1;SLC41A2;ATP2B4;ATP2A3;CLDN16;SLC39A2;SLC4A8;TMEM165;ZDHHC13;ATP2B3;SLC12A2
Adenyl Ribonucleotide Binding (GO:0032559),0.869,1.0,0.8249258529175347,0.26394708258794486,INSR;AKT2;KCNJ1;ERN2;BVES;STK4;LATS2;BMPR1A;POPDC2;EIF2B2;CDK11A;MAP4K1;TLK1;MSH6;POPDC3;CDK11B;MAST2;PIP4K2B;STK36;ABCB6;TNK1;TLK2;HEXIM1;PEAK1;CARS2;MTHFS;ME1;APRT;MYH10;PRPS1L1;NME1;AKT3;MPPED2;SMC4;N4BP2;RTEL1;MTPAP;PAPOLA;MYO6;PRKCI;BRSK1;LIG4;ATP10D;ABCD4;CDK6
DNA Secondary Structure Binding (GO:0000217),0.21052631578947367,0.7943742874682101,1.2397559085574144,0.4595507228863159,KMT2A;RAD51B;MSH6;MEF2C;MEN1;FANCM;ERCC5;HMGB1
Signaling Receptor Complex Adaptor Activity (GO:0030159),0.453318335208099,0.9006125390343503,1.010138778309409,0.35619731962267104,FRS3;MAPK8IP3;ORC3;SH2B1;SPAG9;GNB1;GNB2;SPATA2;MMS19;BLNK;DLG5;MAGI2;SHC1;GAB2
Nuclear Receptor Binding (GO:0016922),0.2824742268041237,0.7957301684741832,1.1323160275623918,0.36899447795072554,PAGR1;FOXH1;NSD1;NR4A1;CRY1;PRMT2;HMGN3;NR4A3;LEF1;PADI2;TADA3;MED4;NR4A2;SMARCE1;ESR1;DDX5;GTF2B;TRERF1;THRAP3;GTF2H1;MED16;ZNHIT3;TAF10;MMS19;KDM1A
Single-Stranded DNA Helicase Activity (GO:0017116),0.16740088105726872,0.5509481755997555,-1.2654663141143916,-0.3669149904497293,CHTF8;DSCC1;RFC5;RFC4;HELB;HELQ;MCM6;MCM5;RAD51;MCM7;RFC2;POLQ;MCM2;MCM4;DHX9
Protein Tyrosine Kinase Activity (GO:0004713),0.24054621848739496,0.7966993713088207,1.1683530537034796,0.38519865897175665,INSR;CLK2;BCR;HIPK4;DYRK1A;CLK4;TNK1;PEAK1;CSK;ERBB2;YES1
Histone Methyltransferase Activity (GO:0042054),0.2182061579651941,0.7638321723116344,1.2289600936416647,0.5243929696340168,PRMT7;PRMT2
Leak Channel Activity (GO:0022840),0.9828269484808454,1.0,0.4688790878065107,0.1961160093562903,KCNK7;KCNK4
mRNA 3'-UTR Binding (GO:0003730),0.13451511991657977,0.7676842801152193,1.2620077003135053,0.42229059469017394,ZAR1L;RNPS1;TUT1;CRYZ;EXOSC8;PARN;DAZAP1;ZFP36L2;ELAVL1;PUM2;ZC3H12A;HNRNPA2B1;RC3H1;CIRBP;PABPC1L;DDX5;TARDBP;CPEB3;ELAVL2;ILF3;LARP1;CPEB2;HNRNPC;SERBP1;ANGEL2;RNF40;RBMS3;EXOSC4;CPSF1;HNRNPU;BOLL;IGF2BP2;RPS7;FMR1;TIAL1;PABPC5
Olfactory Receptor Activity (GO:0004984),0.9367219917012448,1.0,0.6546896262424279,0.2189623400964075,OR1J2;OR2F1;OR2C3;OR10AD1;OR13C2;OR2AE1;OR2H2;OR51E1;OR10R2;OR6K2;OR7A5;OR5AK2;OR10W1;OR6A2;OR51I2;OR52A1;OR5A1;OR52K1;OR5M11;OR52E6;OR52R1;OR4D1;OR10G8;OR5I1;OR2T4;OR14C36;OR2T2;OR13F1;OR13C9;OR5H6;OR1B1;OR5K4;OR1J4;OR1L4;OR1E2;OR1A2;OR6S1;OR10G2;OR2A4;OR2AK2;OR51B2;OR3A4P;OR52L1;OR2M4;OR52B6;OR1E1;OR51Q1;OR13H1;OR2B11;OR10J3;OR1L3;OR52B2;OR52D1;OR12D2;OR5K1;OR10G4;OR2K2;OR1C1;OR10P1;OR6C70;OR3A1;OR51B4;OR6F1;OR10Q1;OR2A25;OR6C3;OR2T33;OR2L2;OR2B2;OR52N2;OR13G1;OR2L3;OR8D4;OR2H1;OR2AT4;OR13D1;OR5B12;OR6C6;OR14I1;OR1J1;OR10A7;OR7C1;OR51E2
Protein Phosphatase 2A Binding (GO:0051721),0.6153846153846154,0.976089840889068,-0.900504195784211,-0.2625792961883341,IGBP1;GNA12;TP53;STRN;STRN4;GRIN3A;BOD1;MFHAS1;CTTNBP2NL
G Protein-Coupled Receptor Activity (GO:0004930),0.996993987975952,1.0,0.5748584649818455,0.18528195594495875,GPR135;GNRHR2;ADGRB1;RORB;OPN1SW;GNAT2;ADGRF1;GPR17;LPAR1;ADGRE4P;SLC39A9;LHCGR;ELOVL4;RRH;OXER1;TSHR
Syntaxin-1 Binding (GO:0017075),0.48817802503477054,0.9229087913153049,0.9916029831636227,0.43137661822018497,SYT1;SNAP25;VAMP2;VAMP3;UNC13B;PRRT2
Ubiquitin-Like Protein Conjugating Enzyme Binding (GO:0044390),0.0683453237410072,0.55829240843053,1.4521825695369739,0.5507377649045105,SIAH2;DCUN1D2;AUP1;DCUN1D4;RNF19A;RNF217;RNF5;FOXL2;ARIH2;SIAH1;ZMYM2
Tubulin Binding (GO:0015631),0.9599198396793587,1.0,0.7457850211494573,0.2374830983347959,CLASP2;REEP1;CLASP1;NUMA1;EML4;PAK1;TERF1;EML3;EFHC1;MAST2;DNM3;HDAC6;KIF17;HOOK3;FNTA;ARL3;OFD1;FGF13;ENKD1;GABARAP;GABARAPL2;TUBGCP2;ARL8A;CCSAP;AGBL5;BEX4;PEX14;ALMS1;TPR;HDGFL3;RMDN2;MAP1LC3A;KRIT1;ARHGEF7;SKA2;EML5;KIFC2;CCDC88A;HTT;TUBGCP5;HAUS8;NISCH;CCSER2;AGBL4;DYNC1I1;MAP6D1;SAXO1;EML6;BRSK1;NME8;SGIP1;DNAL1;KIF16B;CEP44
R-SMAD Binding (GO:0070412),0.031047865459249677,0.594276809746423,1.5915487281715641,0.6449924724319316,FOXH1;PAX6;SMURF1;RANBP3;MEN1;DDX5;PPM1A
Metalloaminopeptidase Activity (GO:0070006),0.027777777777777776,0.4917621084586726,-1.6032659713119244,-0.48086886807428236,ERAP1;XPNPEP3;LTA4H;ERAP2;LNPEP;MMP15;ENPEP;MMP14;MMP17;NPEPPS;MMP16
Cadherin Binding (GO:0045296),0.980980980980981,1.0,0.6852084899072739,0.21937822764132459,CCS;RAB1A;ARGLU1;ATXN2L;ZC3HAV1;YWHAE;PDXDC1;AHSA1;CAPZA1;PSMB6;PAK6;PUF60;DDX6;ARHGAP18;PAK4;HCFC1;CCT8;EXOC3;FNBP1L;CDH2;EPS15;PICALM;EFHD2;PARVA;PCBP1;SNX9;SPTAN1;GLOD4;SCRIB;PRDX1;HNRNPK;PPP1CA;MPRIP;STX5;LARP1;NUMB;MACF1;TJP1;CRKL;WASF2;RAB11B;SPTBN1;RPL23A;STK24;EEF1D;CNN3;RAB10;CTNND1;CTNNA2;CAPZB;SERBP1
GABA Receptor Activity (GO:0016917),0.8324468085106383,1.0,0.701695412625892,0.2878776260979089,GABRA1
Ubiquitin Binding (GO:0043130),0.8122317596566524,1.0,0.7562083986012225,0.2561412128442565,UBXN1;USPL1;DNAJB2;RNFT1;VPS28;MDM2;USP33;N4BP1;UBE2N;RAD23A;FAF1;SHARPIN;TOLLIP;USP16;VPS36;HGS;OTUB1;MVB12A;BIRC2;UBAP1L;BUB3;RAD23B
DNA-binding Transcription Factor Binding (GO:0140297),0.091,0.7555060698312474,1.2178468822107946,0.3871663727844007,MAP3K10;FOXH1;CTBP1;GATA3;SMARCA1;GATA4;NFIA;USF2;STK4;KAT2A;CREM;E4F1;FIGLA;POU1F1;KAT5;TBX6;HDAC9;ZBTB17;BCL6;CGGBP1;PITX2;KAT8;MEF2C;MEF2A;FOXC1;HDAC4;NIF3L1;CRTC1;ID2;HDAC2;HIRA;HCFC1;CNOT7;BBS1;SETD1A;HDAC11;HDAC5;BCL3;CRTC2;GTF2B;ZBTB8A;HES1;PSMC5;RBX1;HMGB1;DNMT3A;CTBP2;TTC8;RELA;TCF3;KEAP1;CRKL;KLF4;TAL1;HHEX;YY1;KDM1A;SIN3A;CBX5;ZBTB49;TFDP1;USF1;ZFPM1;KAT2B;TLE1;CRTC3;PARP10;LYAR;HOXA7;CSNK2B;ZMYND8;ZNF653;RB1;EBF4;TCF7L2;GATA2;MTA2
"Phosphatidylinositol-4,5-Bisphosphate Binding (GO:0005546)",0.6297872340425532,0.9874720247090981,0.9034786989684875,0.310736838212263,KCNJ1;SNAP91;FRMPD4;SNX21;PICALM;SNX18;KCNQ1;KRIT1;HIP1R;SESTD1;COMMD1;FLII;OSBPL2;PFN2;VILL;RAB35;GSDMD;MYO1B;PHLDA3;SCIN
Tumor Necrosis Factor Receptor Superfamily Binding (GO:0032813),0.6683738796414853,1.0,0.8350612017852062,0.3195236209533993,TRAF1;PIDD1;TRIM37;BID;TRAF4;TRAF2;MYD88;TRAF6;FEM1B;TRAF3
Low-Density Lipoprotein Particle Binding (GO:0030169),0.33211678832116787,0.7204457016696564,-1.0675242059109902,-0.3496277658850301,CDH13;SCARB1;PLTP;STAB2;SCARF1;CRP;THBS1;PCSK9;COLEC12;STAB1
RNA Endonuclease Activity (GO:0004521),0.07629107981220658,0.5622845539972612,1.438915913209443,0.5290022883942385,ERN2;AGO2;RPP40;EXOG;ZC3H12B;ZC3H12A;MBLAC1;PLD6;PIWIL3;AGO4;DICER1;RNASET2;ENDOG;ELAC2
Methyltransferase Activity (GO:0008168),0.6216216216216216,0.9828737394634149,0.8976612179386151,0.3373468045255902,PRMT7;HENMT1;EHMT1;TRMT2A;COMTD1
Cell-Cell Adhesion Mediator Activity (GO:0098632),0.8527131782945736,0.9674654117676915,-0.7712572535288388,-0.18537833977574736,CD47;CDC42EP1;CLSTN3;EPCAM;BAIAP2;CD200;PLXNB3;KRT18;ANXA2;S100A11;ROBO4;EMB
snoRNA Binding (GO:0030515),0.6280487804878049,0.9873368509355815,-0.9074777581673348,-0.24223152491876915,NUDT4;NOP14;HEATR1;DHX37;NUDT7
DNA Polymerase Activity (GO:0034061),0.06005221932114883,0.603088900050226,1.5164759567413504,0.6026653342781565,REV1;POLM;POLI;REV3L;POLDIP2
Lysophosphatidic Acid Acyltransferase Activity (GO:0042171),0.0992063492063492,0.45427590727197464,-1.417834688684046,-0.4444362658391619,LCLAT1;LPCAT3;MBOAT7;AGPAT1;LPCAT1;AGPAT5;AGPAT2;LPCAT2
Transcription Regulatory Region Nucleic Acid Binding (GO:0001067),0.04618473895582329,0.7006861928908398,1.2925793638115621,0.415928917973853,FOXK2;ZBTB14;NFYA;FOXH1;PAX6;ZNF639;PER1;GATA3;ZNF513;GATA4;SOX5;GABPA;NFYC;SOX10;ATF6B;PITX2;RNF10;MEF2C;FOXC1;TBL1XR1;SMARCA2;MEN1;HDAC4;FOXA1;JUND;HDAC5;GATA5;SOX6;GLI1;ZBTB8A;ZBED4;ZBTB20;ZNF658;HMGB1;HSF1;ZNF335
Transcription Corepressor Binding (GO:0001222),0.04838709677419355,0.5409909107111032,1.4806856684886665,0.5336937862400761,CTBP1;PER1;EHMT1;THAP7;LEF1;STK36;HDAC6;ESR1;HDAC5;PHF1;CTBP2;FAM89B;PER3;ZNF644;ZBTB7A;WIZ;USP11;PER2
Amyloid-Beta Binding (GO:0001540),0.8008519701810437,1.0,0.7818639171107725,0.26877664606095053,INSR;TGFB2;APBB3;PICALM;TREM2;FZD5;TLR2;ITM2B;PFDN2
Adenylyltransferase Activity (GO:0070566),0.2733812949640288,0.6882724611999157,-1.1458269097995397,-0.3559466852227743,NMNAT3;FHIT;FLAD1;NMNAT1;OASL;FICD
Monoatomic Cation Channel Activity (GO:0005261),0.07268951194184839,0.6669841874642789,1.3439713715785906,0.44554878368942585,SLC24A2;SLC4A11;TRPM1;TRPV6;KCNK1;SLC24A3;CACNB2;TRPV5;UNC80;PKD1;NOX5;MCOLN1;TRPC3;TRPC1;KCNK7;SLC24A5;KCNK4;SLC24A1;HVCN1;TMCO1;CACNA1D
Protein-Cysteine S-palmitoyltransferase Activity (GO:0019706),0.24836601307189543,0.7451160943198641,1.2120996842441834,0.49569761905297693,ZDHHC11;ZDHHC24;ZDHHC6;ZDHHC2;ZDHHC17
Transition Metal Ion Transmembrane Transporter Activity (GO:0046915),0.34965034965034963,0.7635884490404414,-1.0469007294258308,-0.27753965166110467,SLC30A6;SLC30A9;SLC39A7;SLC30A1;SLC39A6;SLC39A2;SLC30A4;SLC39A12;TMEM165;SLC30A10;SLC30A2;SLC31A2
Carboxy-Lyase Activity (GO:0016831),0.497907949790795,0.8995724706658279,-0.9592851091383703,-0.27190418770094843,BCKDHA;ODC1;UMPS;MLYCD
GTPase Binding (GO:0051020),0.985985985985986,1.0,0.632789131718529,0.2048657087791111,IFT20;RANBP9;XPO4;PAK1;RABGEF1;ABI2;OCRL;TBC1D7;DENND5B;NUTF2;SOD1;USP33;RUSC2;EXOC5;FNBP1L;PICALM;AIMP1;GNB1;EXOC2;CIB1;DOCK3;PDE6D;GNB2;BICD2;RANGRF;MYO1C;RAB3GAP1;SPTBN1;DENND5A;IQGAP2;GOLGA5;SPHK2;RILP;UNC13B;RABGGTA;DVL3;FGD6;NCKAP1;SGSM2;YBX1;DNM1L;STRN3;TSC2;RILPL2;RALBP1;ATG14;RASIP1
Protein Phosphatase 1 Binding (GO:0008157),0.6688829787234043,1.0,0.8495404748333374,0.3581925064347816,SHOC2;PPP1R3D;KCNQ1
Phospholipase C Activity (GO:0004629),0.989769820971867,1.0,0.4528372386042097,0.18585945106125168,PLCH2;PLCB2;PLCE1;PLCG1;PDIA3;CCR5;CHRM3;CASR;PLCH1;PLCB4;F2RL2;CCR1;PLCL1;EDNRA;CHRM5;PLCB3;PLCD1;CHRM1;PLCB1;CCL5;NOTUM
Calcium Activated Cation Channel Activity (GO:0005227),0.5122615803814714,0.9441025200622143,0.9781458500137274,0.405789267947613,KCNMB3;KCNN2
Inorganic Cation Transmembrane Transporter Activity (GO:0022890),0.919392523364486,1.0,0.6233200798436394,0.23551569868285616,SLC4A11;UCP3;RHD;GRIN2C
Potassium Ion Transmembrane Transporter Activity (GO:0015079),0.9017964071856287,1.0,0.6341306552032437,0.23751486137015582,KCNK1;KCNK7;KCNK4
Neuropeptide Receptor Activity (GO:0008188),0.0,0.40051607561749686,-1.5250327748451507,-0.3827794968501561,NTSR2;GALR3;MCHR1;TACR2;GRPR;SORCS2;HCRTR2;NPY2R;GPR143;NPY5R;GPR37;GPR151;SSTR5;TACR3;SORCS3;GALR1;NPY1R;NMBR;SSTR1;NTSR1;NMUR1;SORCS1;PRLHR;NPFFR1;KISS1R;GPR171;NPSR1
Transmembrane Receptor Protein Phosphatase Activity (GO:0019198),0.08960573476702509,0.41700289775079347,-1.448326530221011,-0.4767817872522251,PTPRA;PTPRK;PTPRF;PTPRU;PTPRG;PTPRH;PTPRD;PTPRR;PTPRO;PTPRT;PTPRM
Ligand-Gated Calcium Channel Activity (GO:0099604),0.5573770491803278,0.9973014417534287,-0.9097398969120608,-0.28082445651895827,P2RX4;ITPR3;TRPM4;RYR2;GRIN2A;TRPV1;GRIN2B;TRPM8;RASA3;RYR3;TRPA1
Protein Tyrosine Kinase Activator Activity (GO:0030296),0.9535452322738386,1.0,0.5599275807260394,0.21935133985840688,GHRL;GAS6
Histone Deacetylase Binding (GO:0042826),0.026014568158168574,0.5636775747272985,1.5010625749491417,0.49860770621335715,SMYD4;FOXP3;SATB2;KAT2A;MIER1;THAP7;HDAC9;YWHAE;LEF1;MEF2C;MEF2A;HDAC4;HDAC6;HDAC2;RBBP4;HOXA10;HDAC5;BCL3;BEX4;CAMTA2;HES1;RELA;KCTD21;TAL1;AKAP8L;USF1;KAT2B
Magnesium Ion Binding (GO:0000287),0.5833333333333334,0.9085640669385192,-0.9615184407347728,-0.19550384932819953,DYRK2;MORC2;GPI;SRR;CERK;PSPH;XYLT2;NUDT18;WRN;PRIM1;MTHFD2;PDXP;DCTPP1;RRAGC;THTPA;THG1L;DDR2;UBA2;HACL1;CIB2;HMGCL;NUDT7;TSSK6;FIGNL1;PLK1;PINK1;NUDT19;PI4K2A;OPA1;IDH3A;SNCA;ADPRH;NEK6;GNAI1;LATS1;IDH2;STK3;NIM1K;CLYBL;XXYLT1;PLSCR1;RP2;ENOSF1;GEN1
Protein Kinase Binding (GO:0019901),0.954,1.0,0.7927438112094354,0.25053441668587284,RICTOR;BAG5;TEX14;PTN;CEACAM7;PAX6;DVL1;CDK5RAP3;CDKN1A;SOCS1;MAPK8IP3;SNAP91;NEK9;HDAC9;UFL1;NR4A3;STK11IP;TELO2;MAML1;ORC3;PARN;AXIN1;TOM1L2;PKD1;PRAM1;RNF138;CAMK2N2;ELAVL1;RAB11FIP2;CDC42;GDF3;GCH1;CASP9;ILK;SPAG9;PTPN2;PRKRIP1;ESR1;HDAC5;TBC1D14;MAP3K11;DNAJC3;DUSP3;EXOC2;ADIPOR1;FAM83H;CSK;RAC1;VRK2;KCNQ1;TPR;IBTK;TREM2;USP37;HSF1;ARHGEF7;CTBP2;BORA;FZD5;CCNK;RELA;MAP2K3;FAF1;CCDC88A
Beta-Tubulin Binding (GO:0048487),0.44727272727272727,0.8987611830651411,1.0126289400603725,0.38641181902039684,EML4;FGF13;GABARAP;GABARAPL2;ARL8A;PEX14;HTT
Lipoprotein Particle Binding (GO:0071813),0.09417040358744394,0.45376162913147366,-1.3848962289410125,-0.4005741030033645,APOL2;CD36;CDH13;SCARB1;PLTP;STAB2;APOL5;SCARF1;CRP;THBS1;PCSK9;COLEC12;STAB1;MAPT;LCP1
Intracellular Chloride Channel Activity (GO:0061778),0.5408719346049047,0.9822343164472298,0.9485960656971637,0.3916029373701219,ANO3
Chemokine Receptor Binding (GO:0042379),0.8181818181818182,0.9746007514239852,-0.8205670175854853,-0.18301963611168898,CCL8;CCL26;CCL22;XCL2;CCL2;CX3CL1;CCL7;CCL25;CCL5;CCRL2;XCL1;CXCL12;PF4V1;CCL23;ENC1;CCL13;CCL27;CCL21;CCL14;CXCL9;CXCL8;CCL4;CCL3L1;CCL19;CCL24;CXCL2;CXCL13;CCL3;CCL18;CCL17;PPBP;CCL20;CCL15;CXCL10;CXCL11;CCL1;CXCL3;CCL16;CCL11;CXCL1
RNA Cap Binding (GO:0000339),0.32020997375328086,0.77561047615031,1.1460245914603393,0.4686412936159411,DCPS;EIF4E3;LSM1;EIF4G3;LARP1;EIF4E2;SNUPN;IFIT5;EIF4A1;CYFIP1
Monocarboxylic Acid Transmembrane Transporter Activity (GO:0008028),0.8944444444444445,0.979185579513846,-0.6929822112067103,-0.18739115914590743,SLC16A14;SLC6A6;SLC16A9;SLC9A3R1;SLC16A13
Acetylcholine Receptor Activity (GO:0015464),0.9287564766839378,1.0,0.5904179611592825,0.24116994276244186,CHRNA3;CHRNB4
Solute:Sodium Symporter Activity (GO:0015370),0.525934861278649,0.9720858924381374,0.9600379931550999,0.3554184228346909,SLC17A6
RNA Polymerase II Complex Binding (GO:0000993),0.04945717732207479,0.5342922461421223,1.4927714609355784,0.5632680341235717,UVSSA;PCF11;AGO2;RPRD2;URI1;GTF2B;ERCC5;RTRAF;CDC73;RECQL5;ELP4;PEX2;ELOF1;SMYD2;HNRNPU;CCAR2;CTR9
Lysine-Acetylated Histone Binding (GO:0070577),0.13093709884467267,0.6833026396562308,1.3337524784580284,0.5271323639668216,KMT2A;BRD9;THAP7;MLLT3;BRD2;BRD3;DPF2;ZMYND8
Death Receptor Binding (GO:0005123),0.30935251798561153,0.6825855690696314,-1.124110340203404,-0.36999593280832804,FADD;EDA;CASP8AP2;ETFA
"RNA Exonuclease Activity, Producing 5'-Phosphomonoesters (GO:0016896)",0.340632603406326,0.8137295992887533,1.1083218305222577,0.4196912291686034,ERI2;CNOT7;DIS3L2;ERI3;EXD2;DIS3;DIS3L
Dicarboxylic Acid Transmembrane Transporter Activity (GO:0005310),0.6521739130434783,0.999078200401526,-0.8569726798205193,-0.24249764624139947,SLC16A1;SLC25A12;SLC25A18;SLC26A2;SLC46A1;UCP2;SLC1A1;SLC19A1;SLC26A1;SLC25A10;SLC1A5;SLC25A11;SLC13A2;SLC25A13;SLC26A9;SLC13A3;SLC13A5
"RNA Endonuclease Activity, Producing 5'-Phosphomonoesters (GO:0016891)",0.44280442804428044,0.8896859070235952,1.0194083041108342,0.3910170943374,RPP40;POP4;POP5;PLD6;POP7;DICER1;APEX1;ELAC2;RPP38;RPP21;ENDOV
Phosphatase Inhibitor Activity (GO:0019212),0.052840158520475564,0.5865561694290977,1.5073587896964287,0.6224919566953337,PTN;PPP1R2;URI1;LGALS3;PPP1R1B;ARPP19;ENSA
Sodium Channel Regulator Activity (GO:0017080),0.9231678486997635,1.0,0.6100217764603159,0.2276354842628846,FGF12;FGF13;NEDD4L;RANGRF;COMMD1;TMPRSS4;GPD1L;YWHAH;TMEM168;FXYD1
Acetylation-Dependent Protein Binding (GO:0140033),0.13093709884467267,0.6833026396562308,1.3337524784580284,0.5271323639668216,KMT2A;BRD9;THAP7;MLLT3;BRD2;BRD3;DPF2;ZMYND8
Protein Serine/Threonine Kinase Activator Activity (GO:0043539),0.17430167597765364,0.7726384584287832,1.2505772906488275,0.4478736991774978,RICTOR;MLST8;STK4;PARP6;KAT5;PARP16;STRADA;STRADB;CCNT2;CCNK;CALM2;TAB2;CCNY;TRAF6;CALM1
Phosphatidylinositol 3-Kinase Regulator Activity (GO:0035014),0.859375,1.0,0.6874742741409351,0.28701947236264075,SOCS1
Tau Protein Binding (GO:0048156),0.6624129930394431,0.9928275725613748,0.8614739209800124,0.30959123977946607,PRKAA1;DYRK1A;HDAC6;PPP2CB;PICALM
"Oxidoreductase Activity, Acting On The CH-OH Group Of Donors, NAD Or NADP As Acceptor (GO:0016616)",0.9979166666666667,1.0,0.43400473767468195,0.1440201328414074,DHDH;CBR4;KCNAB1;SPR;DHRS7;ME1
Translation Initiation Factor Activity (GO:0003743),0.6198630136986302,0.9829367387160349,0.8956361275759231,0.32359134067426654,EIF2B2;EIF2B1;EIF2B3;EIF2D;EIF3I;EIF2B4;EIF4E3;EIF4G3;EIF4E2
Endopeptidase Regulator Activity (GO:0061135),0.015116279069767442,0.5272790055248618,1.6744641303252088,0.6109305271356925,SERPIND1
Transmembrane Receptor Protein Tyrosine Phosphatase Activity (GO:0005001),0.08960573476702509,0.41700289775079347,-1.448326530221011,-0.4767817872522251,PTPRA;PTPRK;PTPRF;PTPRU;PTPRG;PTPRH;PTPRD;PTPRR;PTPRO;PTPRT;PTPRM
ADP Binding (GO:0043531),0.6428571428571429,0.993020000279976,-0.8714350196858949,-0.25606134400805824,MIEF1;PGK1;PPP5C;MYH9;ABCG1;PRKAG1
Neuropeptide Hormone Activity (GO:0005184),0.0,0.04542664211172499,1.9875229860419308,0.7870527307248142,PPY;CRH
TBP-class Protein Binding (GO:0017025),0.8264352469959947,1.0,0.6953111463665596,0.28607407920941347,ZFP36L2;ESR1;GTF2B;GTF2A2;HHEX;TAF11
Double-Stranded RNA Binding (GO:0003725),0.840958605664488,1.0,0.724424715052387,0.2499124000043382,AGO2;ZNF346;PRKRA;ELAVL1;PRKRIP1;RC3H1;AGO1;AGO4;ILF3;TARBP2;DHX58;DICER1
High Voltage-Gated Calcium Channel Activity (GO:0008331),0.16897856242118536,0.7102148557397177,1.2849321599413237,0.5053107954173889,CACNB2;SCN1A;CACNB4;SCN11A;CACNB1;CACNA1D;CACNA1C;CACNB3
Kinase Activator Activity (GO:0019209),0.736046511627907,1.0,0.8036381132689208,0.2868107515415586,NEK9;ZRANB1;STRADA;WNT11;MOB2;TREM2;MOB1B;PDE8A;MYD88;MALT1
Nucleosome Binding (GO:0031491),0.47380410022779046,0.9014024649383765,1.013482043282047,0.36293729256157903,NAP1L4;MLLT6;SMARCB1;MBD2;HDAC2;HIRA;SMARCE1;RBBP4;L3MBTL1;ARID1B;HNRNPC;DNTTIP1;CHD1L;MBD3;ACTL6A;MTA2;GATAD2B;HP1BP3;ZNHIT1;PARP2;SMARCC2;NOC2L
Semaphorin Receptor Binding (GO:0030215),0.0708955223880597,0.4517476727770643,-1.459175628868036,-0.46698103856375683,SEMA3F;SEMA4F;SEMA6B;SEMA3B;SEMA5A;SEMA7A;SH3BP1;SEMA3C;SEMA3E;SEMA3A;SEMA6D;SEMA6C;SEMA3G;SEMA4D;RIT2
ATPase Binding (GO:0051117),0.6126609442060086,1.0,0.9106806860385693,0.3138237168620746,UBXN1;ATP1B1;FBL;TMTC4;SLC2A13;S100A1;NUFIP1;ESR1;GABARAPL2;TRPC1;ATP6V1G1
Frizzled Binding (GO:0005109),0.6282352941176471,0.9964239220168921,0.8808591737759551,0.3324596612533591,DVL1;WNT4;WNT11;WNT3;DVL3;RYK;DVL2;ZNRF3
Flavin Adenine Dinucleotide Binding (GO:0050660),0.6651785714285714,0.9961152079924754,0.878917717649735,0.3098777549630219,CYB5R2;MTHFR;MICAL3;CRY1;ACOX1;NOX5
mRNA 5'-UTR Binding (GO:0048027),0.34183673469387754,0.7045115986691812,-1.0996561283985662,-0.31165770680561755,DDX3X;RPL41;RSL1D1;UTP23;RPS3A
Phosphatidylinositol-3-Phosphate Binding (GO:0032266),0.698961937716263,1.0,0.8244995542889999,0.3007310480906098,WDR45B;SNX13;SNX21;SESTD1;SNX27;KIF16B;SNX3
K63-linked Polyubiquitin Modification-Dependent Protein Binding (GO:0070530),0.05789473684210526,0.5080435489112772,1.4760088336498636,0.5846606078202661,ZBTB1;PRPF8;FAAP20;TAB3;ZRANB1
Sulfotransferase Activity (GO:0008146),0.6604938271604939,0.9800664814467747,-0.8882008437002287,-0.22011370648499834,SULT2A1;CHST5;GAL3ST1;SULT2B1;HS6ST1;SULT4A1;SULT1C4;CHST4;CHST6;HS3ST3A1;WSCD2;HS3ST1;GAL3ST2;CHST3;CHST15;GAL3ST3;GAL3ST4;SULT1E1;CHST8;WSCD1;SULT6B1
Protein Kinase C Binding (GO:0005080),0.14634146341463414,0.5032655754105148,-1.2559400965675975,-0.3328258580280857,PICK1;TWF2;PRKD2;TIRAP;PKN1;ADAM9;GRK5
Adenyl Nucleotide Binding (GO:0030554),0.8638036809815951,1.0,0.6553781145048003,0.2456143483739041,CTBP1;NOX5;SPR;ME1;CRYZL1
Poly-Pyrimidine Tract Binding (GO:0008187),0.8092269326683291,1.0,0.7200497677685929,0.2811392032849978,DAZAP1;DIS3L2;PABPC1L;HNRNPC;KHDRBS1;MCRS1;RBMS3;SSB;HNRNPU;IFIT5;FMR1;PABPC5
DNA-directed 5'-3' RNA Polymerase Activity (GO:0003899),0.6575829383886256,1.0,0.867284259483479,0.327601414757781,POLR2I;POLR2H;POLR1D;POLR2J3;POLR3F;POLR2J
Phospholipase Activity (GO:0004620),0.9957492029755579,1.0,0.46617471639814206,0.16127536036831833,PLD2;PNPLA7;PLD6;PLA2G1B;PLD3;LYPLAL1;PNPLA6
"DNA-binding Transcription Activator Activity, RNA Polymerase II-specific (GO:0001228)",0.009009009009009009,0.673613130431973,1.3453620419937058,0.42873374784022866,ZNF226;FOXK2;ZNF143;ZNF229;ZNF227;ZNF780B;ELK4;FOXH1;RFXANK;ZNF639;NR4A1;GATA3;ZNF224;FOXF2;GATA4;HSF2;GABPA;NFIA;SATB2;HOXC11;NFYC;HOXC10;E4F1;ZNF384;ZBTB17;NR4A3;LEF1;ZNF33B;ZNF24;PRKRA;SOX10;HOXB7;ATF6B;MEF2C;ZNF485;MEF2A;ETV1;FOXC1;ZNF319;PRDM2;FOXF1;FOXA1;NR4A2;NFKB2;RFXAP;POU2F1;HOXA10;UBP1;ESR1;GLI1;HOXD8;E2F4;HOXD4;ZBED4;NFE2L1;ZNF658;HSF1;PRDM15;ZNF585B;RELA;ZSCAN21;ZNF33A;TCF3;HOXB3;NRL;KLF4;NFAT5;POU4F1;CREB3;HHEX;YY1
Metal Cation:Proton Antiporter Activity (GO:0051139),0.1918158567774936,0.7487024945588482,1.2693015584910359,0.5133496363824398,SLC17A6;SLC9B2;SLC9A8;SLC9A5
methyl-CpG Binding (GO:0008327),0.14668367346938777,0.6737214902960759,1.3216682429138489,0.5210143758884307,HOXB13;CHTOP;MBD2;CXXC4;ZCWPW1;ERH;MBD3;MECP2;LHX4;TET3
FAD Binding (GO:0071949),0.2967581047381546,0.8087170042971148,1.1570421367100543,0.45661828977599916,CYB5R2;MTHFR;MICAL3;CRY1
Hsp90 Protein Binding (GO:0051879),0.2618483412322275,0.755036832412523,1.2135840014734782,0.4426131077800524,CYP2E1;TELO2;AHSA1;HDAC6;NPAS2;STIP1;HSF1;USP19;PPEF2
General Transcription Initiation Factor Binding (GO:0140296),0.3760379596678529,0.8017478022168942,1.0877924995690267,0.409396037390986,FOXF2;THAP7;ZFP36L2;ESR1;GTF2B;PSMC5;HSF1;RELA;GTF2A2;HHEX
Promoter-Specific Chromatin Binding (GO:1990841),0.520138089758343,0.9607451480379657,0.9680229525106363,0.3516518442421714,PCGF2;FOXC1;ZC3H4;SETDB1;BMI1;DDX5;E2F4;GTF2B;PRDM15;TAF10;KLF4;KDM1A;RBL2;POLR2A;NUP98;HNRNPU
MAP Kinase Kinase Kinase Activity (GO:0004709),0.6117804551539491,0.983987679069085,0.8990671250269615,0.37558508819303016,MAP3K10;MAP3K11
Intracellular Calcium Activated Chloride Channel Activity (GO:0005229),0.5503448275862068,0.9787666611965062,0.9480309956342214,0.3948012838295187,ANO3
Transmitter-Gated Monoatomic Ion Channel Activity (GO:0022824),0.14285714285714285,0.6519207324981194,1.3114341485542365,0.48090460759230297,GRIK1;GRIK5;GABRA1
GTPase Activator Activity (GO:0005096),0.9748237663645518,1.0,0.6711387899651334,0.21805146323481153,BCR;ARHGAP28;RGPD1;RANBP3;ASAP2;RALGAPA1;TBC1D4;CHN1;NPRL3;OCRL;TBC1D7;NPRL2;ARHGAP18;TBC1D14;WNT11;DYNLL1;AGAP6;TBC1D12;TBC1D3B;RAB3GAP1;ASAP3;TBC1D3C;ARHGAP32;SIPA1L1;TBC1D22B;IQGAP2;NF1;TBCK;ARHGAP31;ARFGAP2;LLGL1;ARHGAP25;SYDE1;BNIP2;SOS1;RGPD4;SGSM2;RAPGEF2;DNM1L;TSC2
Chloride Channel Activity (GO:0005254),0.2554347826086957,0.8025942829690128,1.1686266186406737,0.4041462665726039,SLC17A6;ANO3;GABRA1;CLCN6;CLCN2;SLC17A8;CLCN7;ANO5;CLCC1;SLC1A4
Glutathione Transferase Activity (GO:0004364),0.6434676434676435,0.996760111861401,0.8574306238769336,0.3288325512725128,LTC4S;GSTO2;GSTK1;MGST3;GSTM4;GSTO1;SH3BGRL3
Heme Binding (GO:0020037),0.6225026288117771,1.0,0.9102815023354633,0.31000085184890763,CYP2C9;CYP2E1;RSAD1;CYP21A2;NOX5;FLVCR2;THAP4;CYP2R1
Voltage-Gated Monoatomic Cation Channel Activity (GO:0022843),0.35074626865671643,0.8025579392982709,1.0960173193535014,0.3676607537812234,KCNC2;KCNK1;CACNB2;CACNB4;KCNV2;HCN4;HCN3;KCNQ1;HVCN1;CACNB1;KCNH8;CACNA1D;CACNA1C
N-acyltransferase Activity (GO:0016410),0.6538461538461539,1.0,0.8658398327207109,0.33394953276330175,KAT5;SATL1;SMARCE1;ESCO1;NMT2
Acylglycerol O-acyltransferase Activity (GO:0016411),0.18781725888324874,0.5988317004737592,-1.1912741872481598,-0.32391030633355905,LCLAT1;LPCAT3;MBOAT7;AGPAT1;LPCAT1;AGPAT5;AGPAT2;LPCAT2;DGAT2
Ubiquitin-Like Protein Conjugating Enzyme Activity (GO:0061650),0.12665862484921592,0.6681036888219208,1.3203488934249792,0.4932494247680079,UBE2J2;UBE2Q2;UBE2G1;UBE2F;UBE2L3;UBE2E3;UBE2J1;UBE2D2;UBE2N;UBE2I;UBE2R2;UBE2Q1;UFC1;UBE2Z;UBE2E2;UBE2K;CDC34;UBE2D3;UBE2B;UBE2E1
Transmitter-Gated Monoatomic Ion Channel Activity Involved In Regulation Of Postsynaptic Membrane Potential (GO:1904315),0.12993039443155452,0.6628597344767874,1.3189926997790422,0.4968562331534413,GRIK1;GRIK5;CHRNA3
"Catalytic Activity, Acting On A tRNA (GO:0140101)",0.1888111888111888,0.5707266292745883,-1.2140341982066722,-0.31017700642712287,BCDIN3D;GATC;ETF1;ELAC1;QRSL1;DUS2;THG1L;AARS2
Inward Rectifier Potassium Channel Activity (GO:0005242),0.29442282749675747,0.7757968550786231,1.1478708907735138,0.45038288368429574,KCNJ1;KCNK1
Antiporter Activity (GO:0015297),0.20856820744081173,0.7398276521074395,1.2052676392499055,0.4318449277604481,SLC47A2;SLC4A3;CLCN6;SLC35E2B
G Protein-Coupled Peptide Receptor Activity (GO:0008528),0.9420289855072463,0.9655845330634899,-0.7491485093139304,-0.15858266676419738,MC1R;EDNRB;AVPR1A;BDKRB2;RXFP4;NPR3;S1PR2;MLNR;MCHR1;APLNR;CYSLTR2;GRPR;LTB4R;SORCS2;FPR3;HCRTR2;OPRL1;CCKBR;MC4R;GPR37;GPR151;AVPR2;SORCS3;GALR1;FPR2;NPY1R;CYSLTR1;GLP1R;NMBR;FPR1;PTH1R;MC3R;NLRP6;VIPR2;OXTR;OPRK1;EDNRA;GIPR;AVPR1B;BDKRB1;NMUR1;CRHR1;SORCS1;OPRD1;PRLHR;GPR37L1;HCRTR1;NPFFR1;SCTR;KISS1R;GPR171;UTS2R;MAS1L;GHRHR;NPSR1;MCHR2
Regulatory RNA Binding (GO:0061980),0.03244495944380069,0.6084714548802946,1.5684118909101863,0.5767686084575733,AGO2;ZNF346;TRIM71;PRKRA;ELAVL1;PUM2;ZC3H12A;HNRNPA2B1;RC3H1;PIWIL3;AGO4;ZC3H10;TARBP2;DICER1
Single-Stranded DNA Binding (GO:0003697),0.8928939237899073,1.0,0.7225775989555224,0.2407350570652935,PMS2;RAD51B;POLR2G;POLR2H;RNF138;SHOC1;TWNK;PCBP1;TDP2;ERCC5;HMGB1;RAD23A;RPA1;MCM9;HMCES;POU4F1;CRY2;NABP2;CTC1;FUBP1;SMC5;HNRNPU;MLH1;RAD23B
Kinase Activity (GO:0016301),0.874356333676622,1.0,0.727839112598391,0.2400233046087506,NADK2;FN3KRP;PIK3CA;SEPHS1;IPPK;MASTL;PRKD3;PRKD1;PANK4;CDK9;SPHK2;TKFC;ACVR2A;PAPSS1;GLYCTK;PKN2;CDC7;GSK3B;CHKB;ETNK1
Voltage-Gated Sodium Channel Activity (GO:0005248),0.7533692722371967,1.0,0.7735144522468859,0.32087621249952897,SCN1A;HCN4;HCN3
WW Domain Binding (GO:0050699),0.7931034482758621,1.0,0.7202362470490038,0.29321968664082876,ENAH;DDOST;NDFIP2;TRAF4;RAPGEF2
"Oxidoreductase Activity, Acting On The CH-CH Group Of Donors, NAD Or NADP As Acceptor (GO:0016628)",0.03007518796992481,0.4661791085966607,-1.5840678575162856,-0.5080328215163616,SRD5A3;DECR1;DECR2;TM7SF2;PTGR1;BDH2;TECR;AKR1C2;DPYD;DHCR24;PTGR2;PECR;BLVRA
Protein Serine/Threonine Phosphatase Activity (GO:0004722),0.35986913849509267,0.8065168513936435,1.0793300168858342,0.37452212427528386,TIMM50;CTDSP1;PHLPP2;SSU72;PPP2CB;PPP1R3D;PPM1E;PPEF1;PPP1CA;CTDNEP1;PPM1A;MYH3;PPEF2;PPP1CB;MTMR14;CDC14A
Disordered Domain Specific Binding (GO:0097718),0.7045454545454546,1.0,-0.851179293526039,-0.2657348258539384,HSP90AB2P;GAPDH;TEAD2;NCOA3;HSP90AB1;TP53;HSPA2;CLTC
SUMO Transferase Activity (GO:0019789),0.5892169448010269,1.0,0.9155799837630653,0.37292144244493197,HDAC9;MDM2;HDAC4;ZNF451;UBE2I
Kinesin Binding (GO:0019894),0.5080745341614907,0.9557394011885098,0.9718577814724979,0.37298255714725315,MAPK8IP3;CROCC;KLC1;KLC4;SPAG9
"Phosphatidylinositol-3,4-Bisphosphate Binding (GO:0043325)",0.8587786259541985,1.0,0.6625718435266919,0.2618004807963395,FCHSD2;HIP1R;SESTD1;COMMD1;KIF16B;GAB2;PHLDA3;PLEKHA1
Cholesterol Binding (GO:0015485),0.21428571428571427,0.6831839583747018,-1.1295701507392863,-0.2694001830979956,GRAMD1A;NPC2;TSPO;STARD5;OSBPL6;ABCG1;SYP;OSBP2;GRAMD1B;GRAMD1C;SLC38A9;STARD3;SULT2B1;OSBPL3;PROM1;OSBPL8;VDAC2;CETP
Palmitoyltransferase Activity (GO:0016409),0.30663329161451813,0.7952338858195211,1.151255244603243,0.45616300090866874,ZDHHC11;ZDHHC24;ZDHHC6;ZDHHC2;ZDHHC17
Peptidase Activator Activity (GO:0016504),0.08695652173913043,0.505230407327827,-1.3432210427412659,-0.3782006769849476,PSME3;SART3;CASP8AP2;PINK1;PCOLCE2;CLPX;PCOLCE;VSIR;APH1B;CAV1;TANK;PRSS22;MAL;NLRC4;WDR48
acyl-CoA Hydrolase Activity (GO:0047617),0.620253164556962,0.9822653708923889,-0.8701459925228745,-0.2608649352156722,ACAA2;ACOT4;ACOT13;ACSBG2;ACOT6;ACOT11
Wnt Receptor Activity (GO:0042813),0.6630581867388363,1.0,0.8332894551347185,0.35599964127354844,PKD1;FZD5;FZD3;RYK
mRNA 3'-UTR AU-rich Region Binding (GO:0035925),0.31241997439180536,0.818217778123622,1.1124323088195813,0.4464130869408871,EXOSC8;ZFP36L2;ELAVL1;ZC3H12A;CPEB3;ILF3;CPEB2;RBMS3;EXOSC4;CPSF1
Ionotropic Glutamate Receptor Activity (GO:0004970),0.05114401076716016,0.5203694402589429,1.4769008948160796,0.6494558497960212,GRIK1;GRIK5
Mannose Binding (GO:0005537),0.9168937329700273,1.0,0.592662756150117,0.2532427768190169,CLEC4M;LMAN1;LMAN2;CLEC4D;CD207;CLEC10A;ASGR2;CLEC4A;CLN5;CLEC17A;CLEC6A;ASGR1;MBL2;CLEC4G;LMAN2L;CD209
Ion Channel Inhibitor Activity (GO:0008200),0.7581620314389359,1.0,0.7781216659992137,0.29448320922603793,PHPT1;VTI1B;ENSA;NEDD4L;COMMD1;CALM2;STX8;CALM1;STX7;FKBP1B
Ribosomal Small Subunit Binding (GO:0043024),0.23342541436464087,0.764535648513549,1.2310504507006088,0.5463090834372113,PTCD3;UNG;ERAL1;LARP1;NME1;CPEB2;MTIF2;USP16
Serine-Type Peptidase Activity (GO:0008236),0.5934959349593496,0.9727799487939631,0.9445984528521275,0.3068992183883514,HPR;CTRB2;PCSK5;CTSV;CELA3B;CTRB1;TYSND1
Carboxylic Acid Binding (GO:0031406),0.5540540540540541,0.9977829033238571,0.932797559968291,0.3904114653901263,DDAH1;HIF1AN;RTN4R;EPDR1
bHLH Transcription Factor Binding (GO:0043425),0.05405405405405406,0.621062324319085,1.5334273187093133,0.617893612307657,MAP3K10;FOXH1;USF2;FIGLA
Phosphatidylcholine Transporter Activity (GO:0008525),0.3541383989145183,0.8104581346653548,1.1076427216215394,0.467979866482231,PITPNA;ATP10A;ATP8B1;PITPNM2
Histone H4 Acetyltransferase Activity (GO:0010485),0.1111111111111111,0.5826958492704348,1.3858529624891964,0.5619427938368293,USP22;KAT5;KAT8;JADE2;JADE1;KAT7;MEAF6;NAA60
Signal Sequence Binding (GO:0005048),0.06923076923076923,0.5179911436707353,-1.3298334393711442,-0.3262175447916425,KDELR1;BRAP;TNPO1;KPNA4;KDELR3;SEC61A1;RANBP6;POM121C;KDELR2
Chemoattractant Activity (GO:0042056),0.8966346153846154,1.0,0.6325680758781094,0.24736981798899746,LGALS3;MEN1;HMGB1
"Phosphotransferase Activity, Phosphate Group As Acceptor (GO:0016776)",0.4693042291950887,0.905309185452182,1.0033123177991181,0.4114964105755966,NME3;NME2;NME1;NME4
"Phosphotransferase Activity, Alcohol Group As Acceptor (GO:0016773)",0.5371549893842887,0.968867403314917,0.9556398890182799,0.31968173529293464,NADK2;DGKB;GNE;DGKI;HEXIM1;IPPK
Actin Binding (GO:0003779),0.8382204246713852,1.0,0.7997027440928698,0.25943506444601383,RUSC1;SYNE1;SHROOM2;MICAL3;DMD;MAEA;PLEKHH2;CAPZA1;MYOZ1;MYRIP;LDB3;SSH2;SYNE2;SSH3;PARVA;SSH1;SPTAN1;MYH10;VASH1;MACF1;CCDC88A;PFN4;SPTBN1;MYO6;FLII
Cyclin-Dependent Protein Serine/Threonine Kinase Activity (GO:0004693),0.5617977528089888,0.9745287617809555,0.9458700383660577,0.38050783636717656,CDK11A;CDK19;CDK11B;CDK20;CDKL4;CDK9;CDK6;PRPF4B;CDK10;CDK3
Non-Membrane Spanning Protein Tyrosine Kinase Activity (GO:0004715),0.45323741007194246,0.9000178221350918,1.0069524540378338,0.37223686055312283,DYRK1A;TNK1;PEAK1;CSK;YES1;FRK;CLK1;BMX;TXK;PTK2
Receptor Ligand Activity (GO:0048018),0.16349047141424272,0.7758362242494324,1.1496377993777216,0.3697587673765991,PPY;PTN;THPO;IL17D;GDF9;GH1;CRH;TGFB2;NRG4;GDF6;LGALS3;GAS6;MEN1;WNT4;FAM3C;GDF3;PRL;AMH;DLL1;AIMP1;WNT11;GNRH1;TNFSF12;BMP7;EDN2;HMGB1;ANGPTL3;IFNG;BDNF;DKK1;BMP6;NPPA;WNT3;FGF18;NMB
Calmodulin-Dependent Protein Kinase Activity (GO:0004683),0.0012738853503184713,0.09392265193370164,2.007112105039019,0.8139862501272006,PHKA2;CAMK2B;CAMK2G
Ligand-Gated Monoatomic Anion Channel Activity (GO:0099095),0.6947791164658634,1.0,0.8302778113447954,0.3423700806987768,GABRA1
Neuropeptide Binding (GO:0042923),0.2766990291262136,0.6827107768731889,-1.1351310907478076,-0.32073146041301104,MCHR1;SSTR3;NPY4R;OPRL1;NPY5R;MC4R;GPR37;SSTR5;NPY1R;MC3R;SSTR1;NPBWR2;OPRK1;NMUR1;NPBWR1;PTGDR2;OPRD1;PRLHR
Alpha-Actinin Binding (GO:0051393),0.9766536964980544,1.0,0.4936820661662097,0.19686870721399857,LDB3;KCNN2;CACNA1D
Core Promoter Sequence-Specific DNA Binding (GO:0001046),0.0827250608272506,0.569060773480663,1.4248152998246433,0.5416247403908604,TAF4;AGO2;ZBTB17;SMARCB1;UBTF;RRN3;POU2F1;GTF2B;RELA;TAF1C
Protein-Lysine N-methyltransferase Activity (GO:0016279),0.008036739380022962,0.5214855739717619,1.7133782661092012,0.6306711628846663,NSD1;KMT2A;EHMT1;PRDM7;SETD4;SETD3;SETD5;METTL21EP;SETD1A;SETD6;SETDB1;SETD1B;ASH1L;SMYD5;METTL22;CAMKMT
Cytokine Receptor Activity (GO:0004896),0.391304347826087,0.7852559679867532,-1.0242788335834032,-0.22079888171982395,IL13RA1;OSMR;IL18R1;IL6R;IFNAR2;IL1R1;IL1RAP;FZD4;CD44;IL4R;IL1RL1;EPOR;LEPR;GHR;IL12B;IL1R2;IL2RG;IL12RB2;IL1RL2;IL2RB;ACKR4;IL17RA;IL31RA;CCR4;IL15RA;FLT3;IL17REL;IL17RD;IL5RA;IL7R;PRLR;IL10RB;IL2RA;EBI3;IFNLR1;GFRA2;CD4;CCR2;CSF2RB;IL22RA2;IL22RA1
Aminopeptidase Activity (GO:0004177),0.020833333333333332,0.409734077155079,-1.579995418707393,-0.43146154853160656,METAP2;ERAP1;CTSH;XPNPEP3;LTA4H;ERAP2;LNPEP;CXCR4;MMP15;ENPEP;MMP14;MMP17;NPEPPS;MMP16;TPP2;NAALADL1
Metallopeptidase Activity (GO:0008237),0.6666666666666666,0.931339634791408,-0.943593751124703,-0.19470170473420195,NLN;METAP2;THOP1;ADAMTS7;ECE2;ERAP1;ADAMTS10;ADAM9;EIF3H;ADAMTS5;PMPCB;MMP11;MBTPS2;ERAP2;ADAMTS8;IDE;ADAM10;ADAMTS2;MIPEP;ADAMTS4;TMPRSS6;LNPEP;ADAMTS15;ADAMTS18;CXCR4;MMP15;ADAM32;ADAMTS17;PSMD7;ADAM23;BMP1;MMP14;MMP17;ADAM19;AFG3L2;MMP16;ECEL1
Exopeptidase Activity (GO:0008238),0.11627906976744186,0.5630365566339073,-1.2689011858969321,-0.29635399004151003,PRCP;METAP2;DPP3;ERAP1;CTSH;XPNPEP3;LTA4H;ERAP2;LNPEP;DPP8;CXCR4;CPM;NAALAD2;ENPEP;DPP4;CNDP1;NPEPPS;CPB1;TPP2;DPP9;CPA2;NAALADL1
Pyridoxal Phosphate Binding (GO:0030170),0.7402777777777778,1.0,0.7760249316337459,0.3237719537370919,ACCS;PSAT1
E-box Binding (GO:0070888),0.1492027334851936,0.7069458961724155,1.2884542965224333,0.4588474107313661,OLIG2;PER1;GATA3;FIGLA;OLIG1;HES1;TCF3;TAL1;ATOH8
Potassium Channel Regulator Activity (GO:0015459),0.4441860465116279,0.8828321195379206,1.0305774037103772,0.37030542523921545,KCNMB3;YWHAE;KCNIP2;KCNAB1;ARPP19;ENSA;NEDD4L
Hexosyltransferase Activity (GO:0016758),0.6582809224318659,0.9843824137293219,0.8929444601348692,0.3007308518022199,PIGV;AGL;POMT1;TMTC4;POMGNT1;POMGNT2;B3GALNT2;DPY19L2;B3GNT7;B4GALT2;TMTC1;GCNT7;B4GALT6;POMT2;FUT1;PIGB;B4GALT5;B4GALT4
N-acetyltransferase Activity (GO:0008080),0.5852713178294574,0.9827583384489461,0.9015824836149113,0.36076465820967474,SATL1;SMARCE1;ESCO1;ATAT1
Cyclic Nucleotide Binding (GO:0030551),0.24967148488830487,0.7387554894460971,1.2097041759694789,0.48460959852467417,POPDC2;POPDC3;CNGA4;CNGB3
"Hydrolase Activity, Acting On Carbon-Nitrogen (But Not Peptide) Bonds, In Linear Amides (GO:0016811)",0.16943521594684385,0.7769912523020257,1.25461725342382,0.4399881830965831,FAAH;MIER1;HDAC9;SIRT5;HDAC4;HDAC6;HDAC2;NIT1;HDAC11;HDAC5;HINT2;PM20D1;SIRT4;AMDHD2;NADSYN1
Glucuronosyltransferase Activity (GO:0015020),0.20967741935483872,0.5687953635987305,-1.208569507780827,-0.3476144283956657,UGT2A1;CSGALNACT1;CHSY3;CHPF2;EXT1;UGT1A9;UGT1A6;UGT3A2;EXTL1;UGT2B15;UGT1A10;CHSY1;UGT2B28;UGT3A1;UGT1A7;UGT2B4;UGT2B10
RNA Polymerase II-specific DNA-binding Transcription Factor Binding (GO:0061629),0.15175879396984926,0.8069833596421995,1.1735090516402766,0.37593948950960954,FOXP3;GATA3;SMARCA1;CDK5RAP3;GATA4;TAF4;STK4;CRY1;E4F1;POU1F1;TBX6;HDAC9;ARNT2;PITX2;KAT8;MEF2C;TADA3;MEF2A;FOXC1;CPNE1;HDAC4;SMARCB1;NIF3L1;ID2;TAF6;HIF1AN;HDAC2;HIRA;SMARCE1;BBS1;SETD1A;HDAC5;SETD6;DLL1;ZBTB8A;HES1;RBX1;HMGB1;DNMT3A;NFKBIA;TTC8;RELA;FAF1;TCF3;KEAP1;CRKL;KLF4;TAL1;KDM1A;SIN3A
Chloride Transmembrane Transporter Activity (GO:0015108),0.26785714285714285,0.8013054713954733,1.15135424197847,0.40496977290154135,SLC17A6;ANO3;CLCN6;SLC17A8;CLCN7;ANO5;CLCC1;SLC1A4;SLC26A3
"Oxidoreductase Activity, Acting On Paired Donors, With Incorporation Or Reduction Of Molecular Oxygen, NAD(P)H As One Donor, And Incorporation Of One Atom Of Oxygen (GO:0016709)",0.23220973782771537,0.7483635103841876,1.21335920081738,0.46765432117176964,CYP2E1;FMO5;MICAL3
Ligand-Gated Monoatomic Ion Channel Activity (GO:0015276),0.3882646691635456,0.8111031534911216,1.079455079837387,0.4416203005417724,GRIK5;CHRNA3;ZACN;CHRNB4
Ubiquitin-Like Protein Peptidase Activity (GO:0019783),0.3047858942065491,0.7794659300184161,1.1503593906130274,0.43734650735288033,USP43;STAMBP;USPL1;ZRANB1
Ubiquitin Protein Ligase Activity (GO:0061630),0.23146292585170342,0.8105368835686515,1.1112449957597363,0.35598566137252274,UBE4A;HECTD2;FANCL;TRIM13;LONRF2;SIAH2;PEX12;MGRN1;RNF38;GID4;VPS11;SMURF1;TRIM71;HERC2;RNF122;RNFT1;PEX10;TRIM41;NEURL4;RNF10;MDM2;RNF167;RNF19A;WWP1;RNF138;RNF217;CDC42;RNF5;CCAR1;UBE3A;RNF2;RC3H1;TRIM52;MKRN2;TRIM55;RNF130;ARIH2;DCST1;CUL9;UBE2D2;NEDD4L;RNF7;RNF220;RBX1;ANAPC11;PPIL2;RNF216;SIAH1;TMEM129;TRIM39;ZNRF2;RNFT2;ASB12;ITCH;RNF11;UBR1;RNF126;SMURF2;TRIM2;TRIM37;KCMF1;RNF128;PEX2;AREL1;TRAF3IP2;RNF40;TRIM8;RNF135;RING1;ANKIB1;TRAF6;RNF181;CBLB;TRAF3;CBLL1;UBE2K;RNF213;RNF175;MEX3C;ZNRF1;UBE2D3;BIRC2;HLTF
Serotonin Receptor Activity (GO:0099589),0.8812729498164015,1.0,0.6494371423227061,0.2534015632471137,HTR4;HTR3E
GTP Binding (GO:0005525),0.22545090180360722,0.7856779637722987,1.1373296540251239,0.3708103867626735,INSR;RIT1;TUBA3D;RRAS2;RHOA;EIF2B2;TUBB1;GNAT2;TUBB8;TUBA4B;TUBG2;RHOB;SEPHS1;PIP4K2B;ARF5;ERAS;TUBG1;CDC42;GCH1;RAB2B;ARL3;ARF3;ARL8A;RABL3;RAP1B;RAP1A;RAC1;RAB1B;HRAS;LSG1;NME1;TUBD1;RAB5A;RAB11B;ARL5C;DYNC1LI1;TUBB4A;RHOT1;ANXA6;RAB39B;RAB10;RALB;GNL1;TUBE1;RHOC;DRG2;ARL6;RAB4B;TUBB4B;ARL2
Phosphatidylinositol Phospholipase C Activity (GO:0004435),0.9854689564068693,1.0,0.44152396024080715,0.184510435957343,PLCH2;PLCB2;PLCE1;PLCG1;CCR5;CHRM3;CASR;PLCH1;PLCB4;F2RL2;CCR1;EDNRA;CHRM5;PLCB3;PLCD1;CHRM1;PLCB1;CCL5
Receptor Tyrosine Kinase Binding (GO:0030971),0.2592190889370933,0.8139216564630929,1.1735748030257906,0.4097755348530576,MST1L;TOB1;FRS3;GRB14;MST1;GAS6;SH2B1;PTPN2;PITPNM2;DUSP3
Ubiquitin Protein Ligase Binding (GO:0031625),0.6856856856856857,1.0,0.9237358336652496,0.2965970374164114,BAG5;FANCL;PER1;UBXN1;CDKN1A;AUP1;TRAF1;SCAMP3;HERC2;YWHAE;UBE2J2;WRAP53;ABI2;ATP6V0C;MDM2;ERLIN2;AXIN1;HDAC6;CASC3;UBE2G1;GABARAP;GABARAPL2;BAG6;UBE2L3;SPOP;UBE2J1;UBE2D2;UBE2N;SNX9;LTBR;RBX1;MAP1LC3A;FZD5;NFKBIA;RELA;FAF1;EIF4E2;CCDC50;TRAF5;ATXN3;TRIM37;RALB;PRKAR2B;ARRDC1;SUMO2;TRAF4;RNF40;TNFRSF14;TRAF2;POLR2A;TCP1;SMAD7;RB1;DNM1L;OTUB1;TRAF3;UBE2K;SUMO1;UBE2D3;DERL1;GSK3B;HLTF;PRDX6;SCN5A;CHKB;CUL1
Transcription Coregulator Binding (GO:0001221),0.24458204334365324,0.8031223840616106,1.1787785104017598,0.38602532320322436,PAX6;CTBP1;PER1;EHMT1;THAP7;ZBTB17;BCL6;LEF1;STK36;HDAC6;ESR1;HDAC5;TRERF1;ZBTB8A;PHF1;UBE2I;CCNT2;CTBP2;RELA;CDK9;CREB3;FAM89B;ZBTB49;PER3;NR5A1;SREBF1;SMAD4;VGLL4;ZNF644;GATA2;ZBTB7A;WIZ;USP11
Deaminase Activity (GO:0019239),0.8698884758364313,0.9746685631189563,-0.7334628332013531,-0.2263283483691252,APOBEC3C;APOBEC3D
"Acyltransferase Activity, Transferring Groups Other Than Amino-Acyl Groups (GO:0016747)",0.755750273822563,1.0,0.813055227588411,0.2849150839570626,PIGW;OSGEP;KAT5;DGAT2L6;ESCO1;GTF2B;ZDHHC6;LIPT1;ZDHHC2;SIRT4;ZDHHC17;SCP2;KAT2B;NMT1;ZDHHC15
Serine-Type Endopeptidase Activity (GO:0004252),0.39546858908341914,0.8487263011102949,1.0478040825438493,0.3432556432826123,HPR;CTRB2;PCSK5;CTSV;CELA3B;CTRB1;TYSND1
Purine Ribonucleoside Triphosphate Binding (GO:0035639),0.854,1.0,0.8617315881917837,0.27587585394013603,INSR;AKT2;KCNJ1;ERN2;RIT1;TUBA3D;RRAS2;STK4;LATS2;RHOA;BMPR1A;EIF2B2;TUBB1;GNAT2;TUBB8;TUBA4B;CDK11A;MAP4K1;TLK1;TUBG2;MSH6;RHOB;CDK11B;SEPHS1;MAST2;PIP4K2B;STK36;ABCB6;ARF5;ERAS;TUBG1;TNK1;TLK2;CDC42;HEXIM1;GCH1;RAB2B;PEAK1;ARL3;ARF3;CARS2;ARL8A;RABL3;RAP1B;RAP1A;MTHFS;RAC1;MYH10;PRPS1L1;RAB1B;HRAS;LSG1;NME1;AKT3;SMC4;N4BP2;TUBD1;RTEL1;RAB5A;MTPAP;RAB11B;PAPOLA;ARL5C;PRKCI;DYNC1LI1;TUBB4A;RHOT1;BRSK1;LIG4;ATP10D;ABCD4;ANXA6;RAB39B;RAB10;CDK6;RALB;GNL1;TBCK;TUBE1;NDUFA13;RHOC;DRG2;ABCE1;NAIP;ARL6;RPS6KA4;DARS2;RAB4B;TUBB4B;PDK4;ARL2
Microtubule Binding (GO:0008017),0.7761044176706827,1.0,0.8636957897814211,0.27531515304455484,CLASP2;REEP1;CLASP1;NUMA1;EML4;TBCB;TERF1;EML3;MAST2;CEP290;DNM3;HDAC6;KIF17;HOOK3;CAMSAP2;FNTA;ARL3;FGF13;ENKD1;GABARAPL2;TUBGCP2;CCSAP;PEX14;ALMS1;HDGFL3;RMDN2;MAP1LC3A;KRIT1;SKA2;EML5;KIFC2;MACF1;CCDC88A;TUBGCP5;HAUS8;CCSER2;DYNC1I1;MAP6D1;SAXO1;EML6;NME8;SGIP1;KIF16B;CEP44
Copper Ion Binding (GO:0005507),0.7082860385925085,1.0,0.8258276260050277,0.29497364128822007,CCS;SOD1;RNF7;TYR;COX17;COA6;COMMD1
"Phosphatidylinositol-3,5-Bisphosphate Binding (GO:0080025)",0.40051347881899874,0.8318370165745856,1.0623000957236985,0.4249137395381093,WDR45B;HIP1R;SESTD1;COMMD1;KIF16B;SNX3
Cholesterol Transfer Activity (GO:0120020),0.014925373134328358,0.5109493583551815,-1.725781628355201,-0.526457896091705,GRAMD1A;NPC2;TSPO;STARD5;ABCG1;GRAMD1B;GRAMD1C;PLTP
Channel Activity (GO:0015267),0.7525773195876289,0.9912212666593789,-0.8248862436861748,-0.19698474573604796,TRPV2;TNPO1;BAX;P2RX6;CHRNB1;SLC12A6;TMEM120B;SLC14A1;MCL1;SLC12A2;CHRNG;PRF1;MPV17;RHCE;ASIC4;AQP4;AQP7;AQP8;RHCG;AQP6;TRPA1;CHRNB3;RHBG;BCL2;AQP5
Ubiquitin-Like Protein Ligase Binding (GO:0044389),0.7267267267267268,1.0,0.9078349679447862,0.2903378766260843,BAG5;FANCL;PER1;CDK5RAP3;UBXN1;CDKN1A;AUP1;TRAF1;SCAMP3;HERC2;YWHAE;UBE2J2;WRAP53;ABI2;ATP6V0C;MDM2;ERLIN2;AXIN1;HDAC6;CASC3;UBE2G1;GABARAP;GABARAPL2;BAG6;UBE2L3;SPOP;UBE2J1;UBE2D2;UBE2N;SNX9;LTBR;RBX1;MAP1LC3A;FZD5;NFKBIA;RELA;FAF1;EIF4E2;SUMO4;CCDC50;ITCH;TRAF5;ATXN3;TRIM37;RALB;PRKAR2B;ARRDC1;SUMO2;TRAF4;RNF40;TNFRSF14;TRAF2;POLR2A;TCP1;SMAD7;RB1;DNM1L;HGS;OTUB1;TRAF3;UBE2K;SUMO1;UBE2D3;DERL1;GSK3B;HLTF;PRDX6;SCN5A;CHKB;CUL1
SH3 Domain Binding (GO:0017124),0.6343852013057671,0.9945151733525502,0.8859162200060245,0.30734465340139155,ELMO1;ENAH;ABI2;CASP9;CABYR;WASF2;RUFY1;SGIP1;KHDRBS1;ABI3;EVL;CBLB
Postsynaptic Neurotransmitter Receptor Activity (GO:0098960),0.8298429319371727,1.0,0.700273125052299,0.29054515635291206,CHRNA3;CHRNB4
Phosphoric Diester Hydrolase Activity (GO:0008081),0.816,1.0,0.732039623069171,0.2649150723942443,PLD2;GPCPD1;PLD6;TDP2;PLD3;MPPED2
Cysteine-Type Deubiquitinase Activity (GO:0004843),0.4088937093275488,0.8350937059906836,1.057737142400014,0.35690567812450397,USP34;USP22;USP40;ZRANB1;USP33;USP35;ZC3H12A;RNF2;USP6;USP45;OTUD4;USP37;USP10;USP24;USP47;USP19
Ubiquitin Conjugating Enzyme Binding (GO:0031624),0.023284313725490197,0.6174953959484347,1.6221521777024337,0.6261091884852725,SIAH2;DCUN1D2;AUP1;DCUN1D4;RNF19A;RNF217;FOXL2;ARIH2;SIAH1;ZMYM2
Transforming Growth Factor Beta Binding (GO:0050431),0.8577777777777778,0.975510629490119,-0.7065452709472503,-0.21125944709938876,CD36;TGFB3;TGFBR2;WFIKKN1;CD109;VASN;TGFBR3;ACVRL1;THBS1
NADH Dehydrogenase (Quinone) Activity (GO:0050136),0.6325301204819277,0.9958782776462334,0.8832379070218241,0.32800704419945387,NDUFC1;NDUFB4;NQO1;NDUFS8;NDUFV2;NDUFA7;NDUFB8;NDUFA5;NDUFS5;NDUFC2;NDUFB10;NDUFA2;NDUFS3
Single-Stranded RNA Binding (GO:0003727),0.8244803695150116,1.0,0.7410150773103236,0.2715050738241004,AGO2;POLR2G;HNRNPF;PUS1;CNBP;AGO1;AGO4;ILF3;DHX58;HNRNPC
Ubiquitin-Protein Transferase Activity (GO:0004842),0.185,0.7983292923672113,1.1241274537885393,0.35848030760733257,HECTD2;FANCL;TRIM13;LONRF2;SIAH2;FBXO22;PEX12;RNF214;FBXL6;MGRN1;RNF38;GID4;VPS11;KLHL13;SMURF1;TRIM71;HERC2;RNF122;RNFT1;PEX10;UBE2J2;MAEA;TRIM41;NEURL4;RNF10;MDM2;TTC3;RNF167;RNF19A;WWP1;RNF138;UBE2Q2;RNF217;CDC42;BTRC;HECTD3;RNF5;FBXL5;UBE2G1;CCAR1;UBE3A;RNF2;DDB2;RC3H1;TRIM52;MKRN2;TRIM55;UBE2L3;RNF130;ARIH2;UBE2E3;UBE2J1;DCST1;CUL9;UBE2D2;UBE2N;NEDD4L;MDM4;RNF7;RNF220;RBX1;ANAPC11;PPIL2;RNF182;RNF216;SIAH1;FBXO21;TMEM129;TRIM39;ZNRF2;UBE2R2;RNFT2;ASB12;ITCH;DZIP3;UBE2Q1;RNF11;UBR1;RMND5A;RNF126;SMURF2;TRIM2;SHARPIN;TRIM37;TRIM47;KCMF1;RNF128;PEX2;AREL1;TRAF3IP2;UBE2Z;RNF40;TRIM8;FBXO25;RNF135;TRAF2;UBE2E2;RING1;ANKIB1;TRAF6;ZFP91;RNF181;MALT1;CBLB;TRAF7;TRAF3;CBLL1;UBE2K;RNF213;RNF175;MEX3C;CDC34;ZNRF1;UBE2D3;BIRC2;HLTF
pre-mRNA Binding (GO:0036002),0.4082125603864734,0.8356703606776302,1.0558467204931905,0.4063514639214991,PRPF8;PRPF39;U2AF1;TRA2B;DDX5;TARBP2;HNRNPC
Manganese Ion Binding (GO:0030145),0.9532497149372862,1.0,0.5745149356682148,0.20592210411339426,POMGNT1;MGAT5B;TDP2;ME1;EXD2;MPPED2;MTPAP;PAPOLA;GALNT3;PPM1M
3'-5'-RNA Exonuclease Activity (GO:0000175),0.20500595947556616,0.7716919624902098,1.2384581578515461,0.4626583971381777,ERI2;PARN;CNOT6L;CNOT7;DIS3L2;ERI3;EXD2;DIS3;DIS3L
Growth Factor Receptor Binding (GO:0070851),0.9979188345473465,1.0,0.4580832255576492,0.155262349406449,TIMM50;FRS3;PIBF1
Cysteine-Type Endopeptidase Activator Activity Involved In Apoptotic Process (GO:0008656),0.9390581717451524,1.0,0.5663840847039273,0.23741900294920382,CTSV
Monoatomic Cation Transmembrane Transporter Activity (GO:0008324),0.3130128956623681,0.7901867929492238,1.1508534527334817,0.43423849101518736,SLC4A11;UNC80;PKD1;MCOLN1;UCP3;TRPC1
Acetylglucosaminyltransferase Activity (GO:0008375),0.7711962833914053,1.0,0.7867167909214439,0.2918739125584434,B3GNT5;POMGNT1;POMGNT2;MGAT5B;B3GNT7;PIGP;GCNT7;PIGY
Alpha-Tubulin Binding (GO:0043014),0.23185011709601874,0.7401210207840042,1.2071863646000238,0.44766609892258963,EML4;EFHC1;HDAC6;FNTA;OFD1;ENKD1;ARL8A;BEX4;NISCH;DNAL1;WASH2P;WIPF3;TBCE
NAD+ ADP-ribosyltransferase Activity (GO:0003950),0.29012345679012347,0.8074202643458988,1.1712794734081051,0.453420897995366,PARP6;ZC3HAV1;PARP16;SIRT5;SIRT3
NAD-retinol Dehydrogenase Activity (GO:0004745),0.5973451327433629,0.9929994020514236,-0.8888195151787389,-0.2780846240609889,SDR9C7;RDH5;HSD17B6;DHRS9;RDH8;RDH11;AKR1C3;DHRS3;RDH10;ADH1C;ADH1B;DHRS7C;RDH16;ADH6;ADH4;SDR16C5;ADH7
Fibroblast Growth Factor Binding (GO:0017134),0.06956521739130435,0.4214878187142572,-1.5353182017856017,-0.46454299702937607,GPC1;FGFR4;FGFRL1;CEP57;FGFR1;RPS2;KL;FGFR2;ITGB3;THBS1
UDP-galactosyltransferase Activity (GO:0035250),0.23202170963364993,0.770329445467567,1.231768897821915,0.5127998569543918,B3GALT4;B3GNT5;B3GALT5;B3GNT7;B4GALT6;B4GALT5;B4GALT4
Guanyl Ribonucleotide Binding (GO:0032561),0.25903614457831325,0.8146273615886875,1.1117513929772362,0.3606230987511997,INSR;RIT1;TUBA3D;RRAS2;RAB12;RHOA;EIF2B2;TUBB1;GNAT2;TUBB8;TUBA4B;TUBG2;RHOB;SEPHS1;CNGA4;PIP4K2B;ARF5;ERAS;TUBG1;CDC42;GCH1;NME2;RAB2B;ARL3;CNGB3;ARF3;ARL8A;RABL3;RAP1B;RAP1A;RAC1;RAB1B;HRAS;LSG1;NME1;MPPED2;TUBD1;RAB5A;RAB11B;ARL5C;DYNC1LI1;TUBB4A;RHOT1;ANXA6;RAB39B;RAB10;RALB;GNL1;TUBE1;RHOC;DRG2;ARL6;RAB4B;TUBB4B;ARL2;RAPGEF2;GNL2
Methylation-Dependent Protein Binding (GO:0140034),0.10010881392818281,0.6841474465783858,1.3247137081169125,0.45724502221898394,CBX1;TDRD3;ING1;PHF20L1;THAP7;MSH6;SPIN1;ING2;ZCWPW1;PHF13;PHF1;MBTD1;L3MBTL1;CBX5;SPIN2A;SPIN3;NCAPD3;ING5;PWWP2A;ZMYND8;CHD1;PHF19
Ubiquitin Conjugating Enzyme Activity (GO:0061631),0.21480582524271843,0.7617474511590817,1.2182691346513674,0.45861312872635923,UBE2J2;UBE2Q2;UBE2G1;UBE2L3;UBE2E3;UBE2J1;UBE2D2;UBE2N;UBE2R2;UBE2Q1;UBE2Z;UBE2E2;UBE2K;CDC34;UBE2D3;UBE2B;UBE2E1
Tau-Protein Kinase Activity (GO:0050321),0.4836173001310616,0.9229507072606873,0.9952332134031046,0.4032013264283366,PRKAA1;DYRK1A
tRNA Binding (GO:0000049),0.8178733031674208,1.0,0.7295868967643426,0.2624250339954189,SEPSECS;ELP5;PUS1;DALRD3;NSUN6;AIMP1;MTRFR;YRDC;TRNAU1AP;TRMT10A;DARS2;SSB;ALKBH8
Amino Acid:Sodium Symporter Activity (GO:0005283),0.7803921568627451,0.9977369946184628,-0.7813168739075411,-0.25806622835959175,SLC6A6;SLC38A1;SLC38A2;SLC38A4;SLC1A3;SLC1A2;SLC6A20;SLC6A13;SLC6A14;SLC6A7;SLC1A7;SLC6A11
Transforming Growth Factor Beta Receptor Binding (GO:0005160),0.43902439024390244,0.7871036290878984,-1.0183493808136532,-0.3184475120198793,FERMT2;TGFBRAP1;USP15;TGFB3;TGFBR2;INHBC;BAMBI;TGFB1;LRG1;TGFBR3
Cyclin-Dependent Protein Kinase Activity (GO:0097472),0.5617977528089888,0.9745287617809555,0.9458700383660577,0.38050783636717656,CDK11A;CDK19;CDK11B;CDK20;CDKL4;CDK9;CDK6;PRPF4B;CDK10;CDK3
CXCR Chemokine Receptor Binding (GO:0045236),0.7337837837837838,1.0,0.7723570718227138,0.3321643286573146,ITCH;PF4;CXCL5;TFF2;CXCL6;CXCL3;CXCL11;CXCL10;PPBP;CXCL13;CXCL2;CXCL8;CXCL9;PF4V1;CXCL12
Histone H3 Methyltransferase Activity (GO:0140938),0.0011862396204033216,0.3752302025782689,1.8041684996435887,0.6813557374812109,NSD1;KMT2A;PRMT2;EHMT1;PRDM7;SETD4;SETD3;SETD5;SETD1A;SETDB1;SETD1B
Glutamate Receptor Activity (GO:0008066),0.6199261992619927,0.9725929187736914,-0.8854846264638288,-0.2819571617515759,GRID1;GRIN3A;GRM2;GRM8;GRID2;GRIK3;GRIN2D;GRM1;GRM5;GRM7;GRM4;GRIN3B;GRIA2;GRIA4
"Hydrolase Activity, Hydrolyzing N-glycosyl Compounds (GO:0016799)",0.73342175066313,1.0,0.7777809274854379,0.3245262338895417,OARD1;NEIL2;MUTYH;BST1;MBD4;NEIL1;SARM1
Ubiquitin-Like Protein Ligase Activity (GO:0061659),0.2715430861723447,0.8083593049062662,1.090707500813357,0.35020561296463676,HECTD2;FANCL;TRIM13;LONRF2;SIAH2;PEX12;MGRN1;RNF38;GID4;VPS11;SMURF1;TRIM71;HERC2;RNF122;UFL1;RNFT1;PEX10;TRIM41;NEURL4;RNF10;MDM2;RNF167;RNF19A;WWP1;RNF138;RNF217;CDC42;RNF5;CCAR1;UBE3A;RNF2;RC3H1;TRIM52;MKRN2;TRIM55;RNF130;ARIH2;ZNF451;DCST1;CUL9;UBE2D2;NEDD4L;RNF7;RNF220;RBX1;ANAPC11;PPIL2;RNF216;CBX4;SIAH1;TMEM129;TRIM39;ZNRF2;RNFT2;ASB12;ITCH;RNF11;UBR1;RNF126;SMURF2;TRIM2;TRIM37;KCMF1;RNF128;PEX2;AREL1;TRAF3IP2
Protein Serine/Threonine/Tyrosine Kinase Activity (GO:0004712),0.0430622009569378,0.3871043817504422,-1.5155855730853465,-0.42370165552296835,PRKACA;PRKAA2;MAPKAPK5;MAP2K2;TNK2;MAPKAPK3;SGK1;MAPK14;MAP2K5;AURKB;BRAF;MAP2K1;AURKA;MAP2K6
Phospholipid Transfer Activity (GO:0120014),0.3919089759797724,0.8144483509124393,1.0731722273883173,0.4284871411037339,TRIAP1;PITPNA;PITPNM2;PRELID1;C2CD2L;OSBPL2;GLTP;PITPNC1
Chemokine Binding (GO:0019956),0.9789473684210527,1.0,0.4770018589870394,0.20366911569625865,HMGB1;CCR6
Calcium Channel Regulator Activity (GO:0005246),0.43742690058479533,0.8958389328555075,1.0100920854406075,0.37029398354342924,CACNG1;YWHAE;PHPT1;STIM2;CALM2;SRI;CACNB3;CALM1;FKBP1B
Protein Serine/Threonine Kinase Inhibitor Activity (GO:0030291),0.04030226700251889,0.6261510128913443,1.5396711649472885,0.5918747612939854,PKIB;INCA1;CDKN1A;PKIG;HEXIM1;PPP1R1B;CIB1
Steroid Hydroxylase Activity (GO:0008395),0.512853470437018,0.9287119261809031,0.9874726982337052,0.390668726471078,CYP2C9;CYP21A2
Hydro-Lyase Activity (GO:0016836),0.28861330326944756,0.7795147608683519,1.142901002120624,0.41266361640402704,CA5A;ENO3
"DNA Binding, Bending (GO:0008301)",0.01953125,0.5965176628160053,1.6133572409366408,0.6846630398923726,FOXD4;TERF1;LEF1;HMGB1;FOXD1;HHEX
Small GTPase Binding (GO:0031267),0.9839679358717435,1.0,0.618572918522642,0.20084369519983677,IFT20;RANBP9;XPO4;PAK1;RABGEF1;ABI2;OCRL;TBC1D7;DENND5B;NUTF2;SOD1;USP33;RUSC2;EXOC5;PICALM;EXOC2;CIB1;DOCK3;PDE6D;BICD2;RANGRF;MYO1C;RAB3GAP1;DENND5A;IQGAP2;GOLGA5;SPHK2;RILP;UNC13B;RABGGTA;DVL3;FGD6;NCKAP1;SGSM2;DNM1L;STRN3;TSC2
"3',5'-Cyclic-Nucleotide Phosphodiesterase Activity (GO:0004114)",0.993006993006993,0.9977369946184628,-0.45102902730861255,-0.14727345361969396,PDE8B;PDE4A;PDE7A;PDE1B;PDE2A;PDE3A;PDE3B;PDE4B;PDE11A;PDE4D
Protein Phosphatase Regulator Activity (GO:0019888),0.5200892857142857,0.9366415362185391,0.9827077547328993,0.34641661503218707,PTN;PPP1R2;PPP2R2D;SHOC2;LGALS3;PPP1R1B;ARPP19;ENSA;PPP6R3;PPP1R7;PPP2R5B;CALM2;PPP1R16A;PPP4R4;CALM1;PPP3R1;PPP2R3A;PPP4R1;SET
Metallocarboxypeptidase Activity (GO:0004181),0.9832935560859188,1.0,0.49648794931155366,0.18512970615686092,AGBL5;AGBL2;VASH1;AGBL4
"Steroid Dehydrogenase Activity, Acting On The CH-OH Group Of Donors, NAD Or NADP As Acceptor (GO:0033764)",0.3285024154589372,0.7292699827814808,-1.085847715695874,-0.31793144721572775,HSD3B7;HSD17B11;HSD17B14;RDH5;HSD17B6;AKR1C2;HSD17B2;DHRS9;HSD17B3;AKR1C3;SRD5A2
Zinc Ion Transmembrane Transporter Activity (GO:0005385),0.12121212121212122,0.576656122958041,-1.2720424327985937,-0.3714851836807015,SLC30A6;SLC30A9;SLC39A7;SLC39A6;SLC39A2;SLC30A4;SLC39A12;SLC30A10;SLC30A2
Excitatory Extracellular Ligand-Gated Monoatomic Ion Channel Activity (GO:0005231),0.9072164948453608,0.964445107720736,-0.7331775184227746,-0.2022763069256731,P2RX4;P2RX6;P2RX7;CHRNB1;GLRB
Cysteine-Type Peptidase Activity (GO:0008234),0.3164426059979317,0.803921568627451,1.0973031275888374,0.357714899088482,USP43;CAPN3;CTSV;USP34;USPL1;USP22;USP40;ZRANB1;USP33;USP35;CASP9;ZC3H12A;RNF2;USP6;USP45;RCE1;OTUD4;USP37;USP10;USP24;USP47;USP19;ATXN3;UFSP2;BLMH;ATG4B;CASP3;CTSZ;USP7;USP16;MALT1;OTUB1;CYLD;SUMO1
2-Oxoglutarate-Dependent Dioxygenase Activity (GO:0016706),0.569954128440367,1.0,0.9224682199569865,0.3373733989374577,RIOX1;ALKBH5;KDM2A;ALKBH2;FTO;PHF1;KDM5B;KDM4B;TET2;KDM4E;KDM6B;TET3
Protein Kinase A Regulatory Subunit Binding (GO:0034237),0.47164948453608246,0.9209418574059459,0.9941523926762135,0.3963632089449728,WASF3;AKAP7;AKAP8;KCNQ1;WASF2;AKAP8L
Protein Kinase Activator Activity (GO:0030295),0.1847599164926931,0.7612946201167666,1.2250666430641761,0.41029797678589897,RICTOR;MLST8;CDKN1A;STK4;PARP6;NEK9;KAT5;GHRL;PARP16;GAS6;STRADA;WNT11;STRADB;MOB2;IL6ST;MOB1B;PDE8A;CALM2;TAB2
GABA-A Receptor Activity (GO:0004890),0.16785714285714284,0.5387622940289204,-1.2627634758178619,-0.40676737495664983,GABRP;GABRE;GABRR2;GABRA3;GABRD;GABRB3;GABRA5;GABRA2;GABRQ;GABRG1;GABRB1;GABRA4;GABRR1;GABRB2
Transmembrane Receptor Protein Kinase Activity (GO:0019199),1.0,0.9994708582989651,0.3408139781196949,0.12380983379337962,BMPR1A;ERBB2;ACVR2A;MERTK;RYK
Monoatomic Ion Channel Activity (GO:0005216),0.7054631828978623,1.0,0.8181539789470593,0.3065691576840425,UNC80;PKD1;MCOLN1;TRPC1;TMEM120A
Protein Heterodimerization Activity (GO:0046982),0.7701612903225806,1.0,0.8488507263167918,0.274233935894692,CEACAM8;ZBTB1;NR4A1;ATP1B1;USF2;GADD45A;YWHAE;RALGAPA1;ARNT2;MEF2C;MEF2A;SUPT5H;TRMT112;NR4A2;ZHX1;BCL2L2;UBA3;HSF1;ERBB2;TCF3;MICU2;GTF2A2;BMP6;PSMF1;PEF1;USF1;PDCD6;IKBKB;QTRT1;PDGFA;SRI;SNX1
Monocarboxylic Acid Binding (GO:0033293),0.13170731707317074,0.5984171611241432,-1.2810883033511924,-0.365160534521234,NR1H4;SERPINA5;PSAP;RARA;CYP2W1;PYGL;AKR1C2;UGT1A9;AKR1C3;UGT1A6;CYP26C1;CYP27C1;CYP26B1;UGT2B15;UGT1A10;NAPEPLD;CYP26A1;UGT1A7;AKR1C4;UGT2B4;NR2F2
Ubiquitin-Dependent Protein Binding (GO:0140036),0.053824362606232294,0.5369858809085328,1.486929276053665,0.6346054686447624,ANKRD13B;FAAP20;ANKRD13D;DNAJB2
Pyrophosphatase Activity (GO:0016462),0.5419058553386912,0.9714595074821621,0.9564595344021936,0.346118714479367,ACYP1;NUDT15;DXO;NUDT11;NUDT22;ENTPD6
Cytokine Receptor Binding (GO:0005126),0.6573498964803313,0.9931668374957293,0.9048938303102336,0.29918693373403,GH1;TIMM50;IL23A;TGFB2;S100A14;PIBF1;PRL;DDT;AMH
Acidic Amino Acid Transmembrane Transporter Activity (GO:0015172),0.910394265232975,1.0,-0.640118762486712,-0.21046612669382175,SLC38A2;SLC25A12;SLC25A18;SLC1A3;SLC1A2;UCP2;SLC1A1
Proton Transmembrane Transporter Activity (GO:0015078),0.07485380116959064,0.5884530386740331,1.3908693138155985,0.5046890296137861,SLC47A2;SLC4A11;COX7A1;NOX5;UQCR10;UCP3;MFSD3;UQCRH;SLC47A1;SLC18A1
Transcription Cis-Regulatory Region Binding (GO:0000976),0.034,0.767160555834589,1.2373141538789136,0.3916245557922973,FOXK2;HESX1;ZBTB14;NFYA;FOXH1;RFXANK;PAX6;ZNF639;PER1;GATA3;FOXF2;ZNF513;GATA4;SOX5;HSF2;GABPA;TAF4;SATB2;AGO2;NFYC;HOXC10;CREM;LHX2;E4F1;MNT;FIGLA;ZBTB17;ZNF696;LEF1;ZNF512B;ASCL4;SOX10;BBX;FOXN2;ATF6B;PITX2;RNF10;MEF2C;MEF2A;FOXC1;TBL1XR1;SMARCA2;PRDM2;ZNF443;MEN1;HDAC4;FOXF1;ZNF518A;FOXA1;JUND;RFXAP;FOXD3;ZNF14;ZNF799;HDAC5;GATA5;SOX6;ZNF517;GLI1;HOXD8;HOXD4;MSX1;ZBTB8A;IKZF5;ZBED4;ZBTB20;ZNF142;ZNF658;HMGB1;AGO1;HSF1;ZNF335;ZNF709;RELA;OTP;TCF3;PURG;KLF4;ETV6;ELL3;CRY2;CREB3;HOXC8;TAL1;HHEX;YY1;RBL2;PER3;NR5A1;SIM2;TFDP1;E2F6;RFX5;SREBF1;HINFP;PAX8;TFAP2C;HOXD9;NR2C2
Phosphatase Activity (GO:0016791),0.2037037037037037,0.7402063330293766,1.2114264755893775,0.41363665481612377,DUSP8;DUSP28;PTPMT1;INPP5K;NT5C;OCRL;ACP6;LPIN1;HDDC2;FRA10AC1;ENOPH1;PXYLP1;DUSP3;NANP;PPP1CA;HDHD2;PPP1CB;POLG
Polyubiquitin Modification-Dependent Protein Binding (GO:0031593),0.06097560975609756,0.5792127071823204,1.4301807558574007,0.5032691854489262,ZBTB1;PRPF8;FAAP20;UBXN1;TAB3;ZRANB1;HDAC6;UBL7;EPS15;BAG6;PSMD4;RAD23A;DZIP3;ASCC2;ZFAND2B;SHARPIN;TAB2;PARP10
Cyclin-Dependent Protein Serine/Threonine Kinase Regulator Activity (GO:0016538),0.2175925925925926,0.7580315121751586,1.214890948403384,0.4416657583216762,INCA1;CDKN1A;CCNB3;CCNJ;CCNC;HEXIM1;CCNE1;CNPPD1;CCNT2;CCNK;CCNL2;CCNO;KAT2B;CCNY;CDKN2C
DNA Endonuclease Activity (GO:0004520),0.35443037974683544,0.8082197667280541,1.1012701204929087,0.44350523623022375,APLF;EXOG;ERCC5;N4BP2;ENDOG;APEX1
GTPase Regulator Activity (GO:0030695),0.959,1.0,0.7658403205029849,0.2444854294750905,BCR;GPSM2;ELMO1;ARHGAP28;ITSN1;RGPD1;EIF2B2;HERC2;RANBP3;ASAP2;RALGAPA1;TBC1D4;RABGEF1;CHN1;NPRL3;ARHGEF18;ARHGEF3;OCRL;EIF2B1;RNF167;TBC1D7;DENND5B;DOCK8;SH3BP5;NPRL2;ARHGAP18;EIF2B3;LAMTOR3;RGL2;DENND4B;TBC1D14;FARP1;WNT11;RAP1A;EIF2B4;PSD;RALGPS2;ITGB1BP1;DYNLL1;AGAP6;DOCK3;SERGEF;KRIT1;TBC1D12;PDE6D;VAV2;ARHGEF7;DIS3;TBC1D3B;ARHGEF25;RANGRF;DENND1B;GPS2;CCDC88A;FARP2;RAB3GAP1;EEF1D;CPEB2;ASAP3;TBC1D3C;MCF2;ARHGAP32;RCBTB2;DENND5A;DENND6A;GPS1;SIPA1L1;TBC1D22B;IQGAP2;RGL1;NF1;TBCK;ARHGAP31;CDC42SE1;ARFGAP2;LLGL1;ARHGAP25;SYDE1;BNIP2;ARHGEF12;SOS1;RGPD4;FGD6;SGSM2;RAPGEF2;DNM1L;TIAM1;TSC2;ARHGEF9;GNA13;RABIF;DNMBP;AGAP4
Inorganic Anion Transmembrane Transporter Activity (GO:0015103),0.09035409035409035,0.5730135201904505,1.427865822292167,0.5555714070179816,SLC4A3;SLC4A11;CLCN6
NADP Binding (GO:0050661),0.43861740166865315,0.8839369756496829,1.023093862090482,0.37866375697386706,CRYZ;CBR4;NOX5;TP53I3;KCNAB1;QDPR;SPR;ME1
SH2 Domain Binding (GO:0042169),0.9320987654320988,0.9758982211400786,-0.7157843313575767,-0.19409076134902886,GPI;NUP62;DAG1;SH2B2;CRK;AFAP1L2;PAG1;SIT1;SH3PXD2B;SLAMF1;LCK
snRNA Binding (GO:0017069),0.1276595744680851,0.6911423988593834,1.3258020305491858,0.47707070841632127,PRPF8;TUT1;SNRPD3;HEXIM1;SNRNP35;PRPF4;LSM10;CCNT2;DDX39B;SNRPA;CDK9;SNRPA1;HNRNPC;LARP7
Carboxylic Acid Transmembrane Transporter Activity (GO:0046943),0.2708333333333333,0.6692565648656541,-1.123370566068164,-0.24964726949699567,SLC16A14;SLC6A6;SLC16A9;SLC38A1;SLC16A13;SLC43A2;SLC43A1;SLC38A9;SLC25A32;SLC7A4;SLC6A8;SLC16A1;SLC38A2;SLC7A6;SLC36A1;ABCC1;SLC22A4;SLC46A1;SLC5A8;SLC38A4;SLC7A8;SLC7A5;SLC16A11;SLC16A7;SLC16A3;SLC6A20;SLC7A14;SLC19A1;SLC6A13;SLC16A6;SLC6A14;SLC25A10;SLC1A5
Metalloexopeptidase Activity (GO:0008235),0.28735632183908044,0.7219498873096913,-1.077907421056141,-0.2534624014375253,METAP2;ERAP1;XPNPEP3;LTA4H;ERAP2;AGBL3;AGTPBP1;LNPEP;CXCR4;MMP15;CPM;CPQ;ENPEP;CPXM2;MMP14;MMP17;CPZ;NPEPPS;MMP16;CPB1;CPB2;AEBP1;CPA2;MEP1A;CYP2A6;XPNPEP1;VASH2;CPA4;CPA3;CPXM1;DPEP1;CPA1;CPE
Acetyltransferase Activity (GO:0016407),0.36341161928306553,0.8062565327758698,1.1055008505644979,0.42855344358950304,KAT5;SATL1;SMARCE1;ESCO1;GTF2B;LCAT;KAT2B
CoA Hydrolase Activity (GO:0016289),0.9189907038512616,1.0,0.601219457985492,0.25937633852295916,ACOT9;HIBCH;ACOT1;ACOT8;ACOT2
Low-Density Lipoprotein Particle Receptor Binding (GO:0050750),0.5904522613065326,0.9980532640413061,0.9068037568516734,0.3603241922659399,SYT1;APBB3;PICALM;AP2M1;DKK1
Ribosome Binding (GO:0043022),0.8100320170757738,1.0,0.7821457097417055,0.26905394926320236,PTCD3;TMEM223;UNG;ZC3H12A;ERAL1;BAG6;SEC61B;CPEB3;MTRFR;LARP1;SRP19;NME1;CPSF6;TMCO1;CPEB2;SERBP1;MTIF2;USP16;YTHDF1;NCLN;NOMO3;NAA15
Chromatin DNA Binding (GO:0031490),0.7491961414790996,1.0,0.815271783235596,0.277946132956723,PER1;ZIC2;ZNF276;SMARCB1;MBD2;HDAC2;SMARCE1;RBBP4;HSF1;RELA;HNRNPC;APEX1;MBD3;KDM6B;ACTL6A;MTA2;GATAD2B;HNRNPU
"Hydrolase Activity, Hydrolyzing O-glycosyl Compounds (GO:0004553)",0.1813953488372093,0.5379321014756366,-1.2344281265593724,-0.3512839068233162,ACER2;ACER3;NEU3;CTBS;PARG;MAN1A1;GALC;HPSE2;NEU1;GLA;LCT;ACER1;OVGP1;CHIA
G Protein-Coupled Receptor Binding (GO:0001664),0.08008213552361396,0.659431728492502,1.3119316602781852,0.43149059802855755,PPY;DVL1;REEP1;S100A14;GNAT2;GHRL;DNAJC14;USP33;WNT4;PDCD6IP;BBS1
Damaged DNA Binding (GO:0003684),0.39425287356321836,0.8294866346290062,1.061369265874319,0.38233694470474283,XRCC1;ERCC3;UNG;DDB2;ERCC5;HMGB1;RPA1;FANCG;OGG1;CRY2;XPA;DDB1;PCNA
Phosphoric Ester Hydrolase Activity (GO:0042578),0.7553072625698324,1.0,0.8007380038451838,0.2827921973734705,DUSP8;DUSP28;FRA10AC1;PXYLP1;DUSP3;NANP;PPP1CA;MPPED2;HDHD2;PPP1CB;APEX1
"Oxidoreductase Activity, Acting On Single Donors With Incorporation Of Molecular Oxygen, Incorporation Of Two Atoms Of Oxygen (GO:0016702)",0.8112965340179717,1.0,0.7294600057867295,0.2922676843607686,CDO1;ADO;ALOX15B;IDO1;ETHE1;HAAO;ALOX12
Lipid Kinase Activity (GO:0001727),0.34509803921568627,0.7953799343422211,1.126870498554827,0.4580871305775911,DGKB;PIK3CA;DGKI
DNA Polymerase Binding (GO:0070182),0.6889763779527559,1.0,0.8340050072822478,0.3465161882064872,CDK2AP1;HMGB1;RTEL1;NABP2;PCNA;PAXX
Calcium Ion Binding (GO:0005509),0.974,1.0,0.6987993046396408,0.2225770121742733,CALML4;MCTP2;CAPN3;ITSN1;CDHR5;MEX3B;SYT1;ANXA5;MICU3;S100A14;SYT8;ADAMTS13;ANXA7;VSNL1;CPNE1;C2CD5;HPCAL1;ATP2A1;KCNIP2;CALR3;STIM2;CDH2;EFHD2;PITPNM2;S100A6;PLA2G1B;CIB1
Transition Metal Ion Binding (GO:0046914),0.76,1.0,0.9098764150780666,0.2913028468314419,BHMT;CCS;ZNF331;NSD1;PHF14;PEX12;KMT2A;RIOX1;CZIB;ZNF184;TAB3;KDM2A;ADAMTS13;SIRT5;DNAJC24;MDM2;SIRT3;PRDM2;MT1F;CDO1;SOD1;HDAC4;USP33;POMGNT1;GCH1;MYRIP;ZACN;RBAK;RNF5;HIF1AN;FBXL19;MT1X;FBXL5;CXXC4;CYP2R1;ESCO1;RNF2;RC3H1;ARIH2;MT1E;BMI1;GLO1;GTF2B;MGAT5B;IKZF5;TDP2;MDM4;PHF1;RNF7;ADO;ME1;EXD2;TYR;GALT;COX17;SIAH1;KDM5B;TIMM13;TIMM8B;ZMYM2;CA2;DHX58;MPPED2;ADAMTS3;COA6;COMMD1;MTPAP;KLF4;PAPOLA;RNF11;GALNT3;ZNF84;HNRNPC;TRIM2;ALOX15B
N-methyltransferase Activity (GO:0008170),0.13382899628252787,0.6813159216474134,1.3496478779464882,0.5318397631366069,MUC1;METTL5;FDXACB1;SETD3;TRMT1L;TRMT11;DIMT1
Amino Acid Binding (GO:0016597),0.927400468384075,1.0,0.5923985811367855,0.21926399056624804,SESN1;DDAH1
Protease Binding (GO:0002020),0.9032258064516129,1.0,-0.7925173086830813,-0.15852726554082208,CHMP3;FADD;RFFL;CFLAR;SART3;BCL10;COL1A1;BFAR;SERPINA5;PSAP;TIMP2;INSL3;PTEN;PINK1;TP53;CCBE1;ADAMTSL4;ADAMTS4;SERPINB6;ANXA2;CLTC;ITGA3;BDKRB2;TIMP1;SYVN1;FURIN;TNFAIP3;BANK1;BRCA2;DPP4;BCL2L10;TNF;ECM1
GDP Binding (GO:0019003),0.7416216216216216,1.0,0.8283799469187912,0.2860460258586693,RIT1;RRAS2;RAB12;ERAS;NME2;ARL3;RAP1B;RAP1A;HRAS;RAB5A;RAB11B;DYNC1LI1;RAB10;RALB
Glutamate Receptor Binding (GO:0035254),0.17557251908396945,0.5181245187107458,-1.2564373289845672,-0.39068710293447884,HIP1;NSF;HOMER3;IGSF11;SHANK1;HOMER2;SHANK3
GTPase Activity (GO:0003924),0.392,0.8636989056116509,1.040767130702295,0.33366080445026486,GNG3;RAB40B;RIT1;RAB1A;RRAS2;RAB12;GNGT1;RHOA;GNAT2;RGS4;RHOB;ERAS;RAB6C;DNM3;CDC42;GCH1;RAB2B;GNAS;GNG10;GNG5;ARL8A;GNB1;RABL3;RAP1B;RAP1A;RAC1;AGAP6;RAB1B;GNB2;RAB24;HRAS;LSG1
Histone Demethylase Activity (GO:0032452),0.6299019607843137,0.9941942129412866,0.8733747486786235,0.3391732683429906,RIOX1;KDM2A;PHF1;KDM5B;KDM4B;KDM1A;KDM4E;KDM6B
Ubiquitin Ligase-Substrate Adaptor Activity (GO:1990756),0.23596792668957617,0.7515877523622658,1.1998696951087084,0.42986754685224804,KLHL22;ARRDC4;ZSWIM8;BTRC;FBXL19;FBXL2;FZR1;KEAP1;PEF1;PDCD6;ARRDC1;FBXO42;FEM1B;KLHDC1;FBXO9;VHL;FBXO3;PCMTD1
Cysteine-Type Endopeptidase Inhibitor Activity (GO:0004869),0.9267241379310345,1.0,-0.6420151003856401,-0.1815309472389337,PRKAA2;PTTG1
Basal RNA Polymerase II Transcription Machinery Binding (GO:0001099),0.07934655775962661,0.6006621997570629,1.3978159195902138,0.5176583626512952,UVSSA;PCF11;AGO2;RPRD2;URI1;GTF2B;ERCC5;RTRAF;CDC73;RECQL5;ELP4;GTF2A2;PEX2;ELOF1;SMYD2;HNRNPU;CCAR2;CTR9;DRAP1
Nuclease Activity (GO:0004518),0.33699231613611413,0.8081269340148581,1.106587832160372,0.38649306086269525,ERN2;PMS2;EXOG;PARN;MUS81;ZC3H12A;DIS3L2;N4BP1;ERCC5;DIS3;NME1;OGG1;N4BP2;RNASET2
Solute:Potassium Antiporter Activity (GO:0022821),0.0534045393858478,0.5697974217311234,1.5054911734559437,0.6424751887607888,SLC24A2;SLC24A3;SLC9A8;SLC9A5;SLC24A5;SLC24A1
miRNA Binding (GO:0035198),0.03768844221105527,0.6854281767955801,1.5435147687017197,0.6022059434569647,AGO2;ZNF346;TRIM71;ELAVL1;PUM2;ZC3H12A;HNRNPA2B1;RC3H1;AGO4;ZC3H10
Peptidase Inhibitor Activity (GO:0030414),0.010575793184488837,0.5651933701657459,1.727615769730199,0.6383539277379694,SERPIND1;A2ML1
Deubiquitinase Activity (GO:0101005),0.22174840085287847,0.782117522679217,1.1890631929257582,0.3959930226856999,PRPF8;STAMBP;USP34;USP22;USP40;ZRANB1;USP33;USP35;ZC3H12A;RNF2;USP6;USP45;OTUD4;USP37;USP10;USP24;USP47;USP19
Chemorepellent Activity (GO:0045499),0.04424778761061947,0.41909928246170836,-1.5549608129258663,-0.47359979289711196,SEMA3F;SEMA4F;SEMA6B;SEMA3B;SEMA5A;NRG3;DPP4;NRG1;SEMA7A;SEMA3C;SEMA3E;SEMA3A;SEMA6D;SEMA6C;SEMA3G;SEMA4D
Oxidoreduction-Driven Active Transmembrane Transporter Activity (GO:0015453),0.5758928571428571,1.0,0.9246730002251806,0.3212369576998495,COX7A1;NDUFC1;UQCR10;NDUFB4;NDUFS8;NDUFV2;NDUFA7;NDUFB8;UQCRH;NDUFA5;NDUFS5;CYB561D2;NDUFC2;NDUFB10;NDUFA2;NDUFS3
Four-Way Junction DNA Binding (GO:0000400),0.3036935704514364,0.8064117476010468,1.1696127898851894,0.5042906109261805,RAD51B;MSH6;MEN1;FANCM;HMGB1;YY1
Chemokine Receptor Activity (GO:0004950),0.8547120418848168,1.0,0.6678398998154863,0.2797494638737572,GPR17;CCR6
aminoacyl-tRNA Ligase Activity (GO:0004812),0.16299559471365638,0.5232197231038132,-1.2617397532450558,-0.3753423049610556,LARS2;AARS2;PARS2;FARS2;SARS2;MARS2;EARS2;WARS2;LRRC47;IARS2
Quaternary Ammonium Group Transmembrane Transporter Activity (GO:0015651),0.8075370121130552,1.0,0.7084078824415055,0.2909674139370548,SLC44A3;SLC44A2;SLC22A3
Phosphotyrosine Residue Binding (GO:0001784),0.7777777777777778,1.0,-0.8259578707338145,-0.20629397616081646,RASA1;LDLRAP1;BCAR3;PTPN11;NCK2;PLCG2;CRK;SHE;PIK3R1;LCK;SHB;GRAP2;SH3BP2;SYK;SHF
Voltage-Gated Monoatomic Ion Channel Activity (GO:0005244),0.9949109414758269,1.0,0.4231646288900883,0.1677120979746992,SCN1A
Carboxylic Ester Hydrolase Activity (GO:0052689),0.9527806925498427,1.0,0.6405567863713748,0.21322275178046257,FAAH;DDHD2;DPH7;PNPLA7;ACHE;PLA2G1B;LIPE;ESD;PTRH2;CA2;LYPLAL1;LCAT;PNPLA6
Myosin Binding (GO:0017022),0.7536394176931691,1.0,0.8047600274723751,0.28528324178928427,DMD;RHOA;USH2A;MYRIP;TRAK1;RAB11B;APEX1;RAB39B;RAB10;LLGL1
Phosphatidylinositol Binding (GO:0035091),0.23572170301142265,0.7905274590357463,1.1681702698743113,0.38388209066337126,PHF12;MREG;SNAP91;PITPNA;NUMA1;SNX31;SNX13;SNX11;SH3YL1;SNX21;ING2;PICALM;PITPNM2;SNX18;WDFY3;EPB41;SNX25;SNX9;SNX22;HIP1R;SESTD1;DENND1B;CCDC88A
Mannosyltransferase Activity (GO:0000030),0.28754813863928114,0.8076329934570065,1.151431595205283,0.46628466049207595,PIGV;ALG11;POMT1;TMTC4;DPY19L2;TMTC1;POMT2;PDCD6;PIGB
Histone Acetyltransferase Activity (GO:0004402),0.27458492975734355,0.8019919914846166,1.1812465828047598,0.4498395938932477,KAT2A;USP22;KAT5;MCM3AP;KAT7;NAA60;TAF10;KAT2B
Alcohol Dehydrogenase (NADP+) Activity (GO:0008106),0.7684346701164295,1.0,0.757757082884309,0.3107300867224812,ALDH3A1;DHRS7
Aspartic-Type Endopeptidase Activity (GO:0004190),0.1618705035971223,0.5799431248912593,-1.2965289745438155,-0.41978743487968134,HM13;NAPSA;DDI2;SPPL2A;SPPL3;REN;PGC
Nuclear Receptor Coactivator Activity (GO:0030374),0.5956964892412231,1.0,0.910251967601371,0.31787849399679513,USP22;ATXN7L3;MED4;SFR1;DCAF6;SS18;CCAR1;TRERF1;THRAP3
Secondary Active Transmembrane Transporter Activity (GO:0015291),0.2984409799554566,0.7843346239178667,1.1507222266272792,0.40133165336792603,SLC47A2;SLCO1B3;CLCN6;SLC35E2B
rRNA Binding (GO:0019843),0.4247787610619469,0.7737217522369999,-1.0388346830102322,-0.27219121380083355,RPS5;DDX28;FASTKD2;RPLP0;NPM1;UTP23;MRPS18C;TST;RPS9;FASTKD5;RPL17
Fibroblast Growth Factor Receptor Binding (GO:0005104),0.7204161248374512,1.0,0.7708794287203776,0.3149759659504682,FRS3;FGF18;FGF22;FGF17;FRS2;FGF20
Carboxypeptidase Activity (GO:0004180),0.9846153846153847,0.9927122752291787,-0.6195895539092675,-0.16362240006999168,CPVL;AGBL3;AGTPBP1;SCPEP1;CPM;NAALAD2;CPXM2;CPZ;CPB1;CPB2;AEBP1;CPA2;NAALADL1;CYP2A6;VASH2;CPA4;CTSA;CPA3;CPXM1;CPA1;CPE
Triglyceride Lipase Activity (GO:0004806),0.9182305630026809,1.0,0.6011932654019826,0.23819408843060294,DDHD2
G Protein-Coupled Amine Receptor Activity (GO:0008227),0.8169364881693649,1.0,0.7189510367481965,0.2823966803625896,HTR4
Growth Factor Activity (GO:0008083),0.7133825079030558,0.9967981782474803,0.8615464400262168,0.2926803190139766,PTN;THPO;GH1
Insulin-Like Growth Factor Binding (GO:0005520),0.10599721059972106,0.6077348066298344,1.3994750625539856,0.601041280002207,INSR
G Protein-Coupled Serotonin Receptor Activity (GO:0004993),0.8051282051282052,1.0,0.7380783025224403,0.2984923617654114,HTR4
Cyclosporin A Binding (GO:0016018),0.5680628272251309,1.0,0.9098196751228848,0.3711752617298907,PPIE;NKTR;PPIB;PPIL2;PPIH;PPP3R1;PPIA
Sodium Ion Transmembrane Transporter Activity (GO:0015081),0.06771463119709795,0.5624408939326067,1.4468910471574394,0.5405322895610365,SLC8B1;SLC4A11;KCNK1;SLC9B2;SLC9A8;SLC23A2;SLC9A5
Acetylcholine-Gated Monoatomic Cation-Selective Channel Activity (GO:0022848),0.7711978465679677,1.0,0.7547764506387171,0.3237327438732668,CHRNA3;CHRNB4
ATP Binding (GO:0005524),0.9069069069069069,1.0,0.7885337247122126,0.2529873677606932,INSR;AKT2;KCNJ1;ERN2;STK4;LATS2;BMPR1A;EIF2B2;CDK11A;MAP4K1;TLK1;MSH6;CDK11B;MAST2;PIP4K2B;STK36;ABCB6;TNK1;TLK2;HEXIM1;PEAK1
RNA Methyltransferase Activity (GO:0008173),0.12414733969986358,0.6447377395812018,1.3619907802445694,0.5804588833842256,HENMT1;METTL8;FBLL1;FBL;TRMT13
Zinc Ion Binding (GO:0008270),0.696,1.0,0.9271830415473497,0.29896446123866033,BHMT;ZNF331;NSD1;PHF14;PEX12;KMT2A;CZIB;ZNF184;TAB3;KDM2A;ADAMTS13;SIRT5;DNAJC24;MDM2;SIRT3;PRDM2;MT1F;CDO1;SOD1;HDAC4;USP33;GCH1;MYRIP;ZACN;RBAK;RNF5;HIF1AN;FBXL19;MT1X;CXXC4;ESCO1;RNF2;RC3H1;ARIH2;MT1E;BMI1;GLO1;GTF2B;IKZF5;MDM4;PHF1;GALT;SIAH1;KDM5B;TIMM13;TIMM8B;ZMYM2;CA2;DHX58;ADAMTS3;KLF4;RNF11;ZNF84;HNRNPC;TRIM2
Ephrin Receptor Activity (GO:0005003),0.9219330855018587,0.995634083632073,-0.6317297237325259,-0.20450971909129737,EPHA10;EPHA4;EPHB1;EPHA6;EPHB2;EPHB3;EPHA8;EFNB3;EPHA7;EPHA5
Sodium Channel Activity (GO:0005272),0.0199764982373678,0.6513198281154081,1.6291686618590786,0.5949380198098655,GRIK1;SLC4A11;GRIK5;KCNK1;SHROOM2;SCN1A
Ribonucleoside Triphosphate Phosphatase Activity (GO:0017111),0.441,0.8830930995812628,1.0251987664763342,0.3283619511363871,GNG3;RAB40B;RIT1;RAB1A;RRAS2;RAB12;GNGT1;RHOA;GNAT2;RGS4;RHOB;ERAS;RAB6C;DNM3;CDC42;GCH1;RAB2B;GNAS;GNG10;GNG5;ARL8A;GNB1;RABL3;RAP1B;RAP1A;RAC1;AGAP6;RAB1B;GNB2;RAB24;HRAS;LSG1
Hormone Activity (GO:0005179),0.0053590568060021436,0.5031570639305446,1.6977706486598296,0.5827377268319062,PPY;GH1;CRH;GHRL;TRH;PRL;AMH;GNRH1
Endopeptidase Activity (GO:0004175),0.921,1.0,0.788102125322411,0.25082155034528136,HPR;CTRB2;ASPRV1;MST1L;PCSK5;CTSV;CELA3B;USP34;CTRB1;TASP1;MST1;TYSND1;ADAMTS13;MMP28;USP40;PIDD1;CPNE1;USP33;PSMB6;USP35;PARL;CASP9;USP6;MMP24;RCE1;ADAM20;PCSK7;USP37;USP10;USP24;USP47;PSEN2;ADAMTS3
Metalloendopeptidase Activity (GO:0004222),0.2,0.7226472319298908,-1.0726930226205602,-0.21876674821714723,NLN;THOP1;ADAMTS7;ECE2;ADAMTS10;ADAM9;ADAMTS5;PMPCB;MMP11;MBTPS2;ADAMTS8;IDE;ADAM10;ADAMTS2;MIPEP;ADAMTS4;TMPRSS6;ADAMTS15;ADAMTS18;MMP15;ADAM32;ADAMTS17;ADAM23;BMP1;MMP14;MMP17;ADAM19;AFG3L2;MMP16;ECEL1;ADAMTS14;MMP7;TLL1;ADAMTS20;ADAMTS1;ADAMTS6;MME;ADAM21;KLK7;MEP1A;MMP1;ADAMTS16;ADAM15
"Oxidoreductase Activity, Acting On The Aldehyde Or Oxo Group Of Donors, NAD Or NADP As Acceptor (GO:0016620)",0.03880983182406209,0.5595895816890292,1.589754395528739,0.6338627045702869,ALDH3A2;ALDH3A1;ALDH9A1
Cadherin Binding Involved In Cell-Cell Adhesion (GO:0098641),0.6818181818181818,1.0,-0.8322168952832418,-0.2636632582991596,CDC42EP1;EPCAM;BAIAP2;KRT18;ANXA2;S100A11
Sialyltransferase Activity (GO:0008373),0.8316455696202532,1.0,0.6991046764856674,0.28533018159296064,ST8SIA5;ST3GAL5;ST3GAL6;ST3GAL1
O-acyltransferase Activity (GO:0008374),0.37967914438502676,0.782587720097581,-1.0304149225293902,-0.2817314689990015,LCLAT1;LPCAT3;MBOAT4;MBOAT7;LPCAT1;LPCAT2;PLA2G4C
RNA Nuclease Activity (GO:0004540),0.2748917748917749,0.804403284726625,1.1543155136580963,0.4021974452648575,ERN2;AGO2;EXOG;EXOSC8;ZC3H12B;DCPS;ZC3H12A;CNOT7;MBLAC1;DIS3L2;N4BP1;PIWIL3;EXOSC1;AGO4;DICER1;RNASET2;ENDOG
Cysteine-Type Endopeptidase Activity (GO:0004197),0.34717784877529284,0.7993049367314204,1.09538255210804,0.36673074646102893,CAPN3;CAPN11;CTSV;USP34;USP40;CAPNS1;USP33;USP35;CASP9;USP6;RCE1;USP37;USP10;USP24;USP47;CAPN10
Retinoic Acid Binding (GO:0001972),0.09737827715355805,0.473369102021932,-1.3981378176335435,-0.45018289926664645,SERPINA5;RARA;CYP2W1;UGT1A9;UGT1A6;CYP26C1;CYP27C1;CYP26B1;UGT2B15;UGT1A10;UGT1A7;UGT2B4;NR2F2
"Hydrolase Activity, Acting On Carbon-Nitrogen (But Not Peptide) Bonds, In Cyclic Amidines (GO:0016814)",0.5827814569536424,1.0,-0.9130225050380593,-0.28816004261882017,APOBEC3C;APOBEC3D
"DNA-binding Transcription Repressor Activity, RNA Polymerase II-specific (GO:0001227)",0.013026052104208416,0.6034172293840803,1.403929163861143,0.4485792664906315,ZNF404;ZNF180;FOXK2;HESX1;FOXP3;EN1;GATA3;ZNF224;ZNF536;BCL11A;ZNF641;ZNF705A;CREM;E4F1;ZNF19;MNT;ZNF558;ZNF439;GZF1;ZNF599;BCL6;ZNF512B;IRX2;HOXB13;ZNF20;PRDM2;ZNF559;ZNF692;FOXD3;ZNF343;ZFHX3;ZNF202;ZGPAT;ZFP69;ZNF10;ZNF148;JDP2;SKIL;ZBTB8A;IKZF5;HES1;HSF1;RELA;OTP;TCF3;KLF12;ZBTB18;POU4F1;ETV6;NFATC4;HHEX;YY1;ZNF557;E2F6;ZNF266;ZNF25;TFAP2C;HOXD9
MHC Protein Binding (GO:0042287),0.9974651457541192,1.0,0.3887826198756398,0.15549548968787424,PILRB;PILRA;TUBB4B;DERL1;TAPBP;CLEC7A;TUBB2A
Potassium Channel Activity (GO:0005267),0.06485355648535565,0.5928291896869246,1.3964954087436379,0.46803775295604155,GRIK1;KCNMB3;KCNC2;GRIK5;KCNK1;CCDC51;KCNV2;HCN4;KCNN2;HCN3;KCNK7;KCNQ1;KCNK4
"Oxidoreductase Activity, Acting On Paired Donors, With Incorporation Or Reduction Of Molecular Oxygen, Reduced Flavin Or Flavoprotein As One Donor, And Incorporation Of One Atom Of Oxygen (GO:0016712)",0.16416040100250626,0.6853130755064457,1.299306372469574,0.5113336398992241,CYP2C9;CYP2E1;CYP2R1;CYP2C18;CYP4F12
Nuclear Estrogen Receptor Binding (GO:0030331),0.2893157262905162,0.807756114637079,1.1552875118595567,0.4385542669274339,PAGR1;NSD1;PRMT2;LEF1;PADI2;ESR1
Histone Acetyltransferase Binding (GO:0035035),0.10354223433242507,0.5872890592701169,1.3946326964462756,0.5902071689841193,FOXP3;PAX6;KANSL1L;MEF2A
Nuclear Localization Sequence Binding (GO:0008139),0.8190954773869347,1.0,-0.7819910069368169,-0.21944429488931239,TNPO1;KPNA4;RANBP6;POM121C
Nucleosomal DNA Binding (GO:0031492),0.22965879265091863,0.7778598655188659,1.2392282286675058,0.5117458842162281,SMARCB1;MBD2;HDAC2;SMARCE1;RBBP4;HNRNPC;MBD3;ACTL6A;MTA2;GATAD2B
3'-5' Exonuclease Activity (GO:0008408),0.3440736478711162,0.8165153906866615,1.116734526243038,0.40263481950735913,ERI2;APLF;CNOT7;DIS3L2;ERI3;EXD2;DIS3;DIS3L;APEX1;POLG;ANGEL2;EXOSC4;EXD1
Phosphatidylinositol Phosphate Binding (GO:1901981),0.9721649484536082,1.0,0.5978633542504443,0.2011432072634289,WDR45B;FCHSD2;SNX13;SNX11;TTPAL;SNX21;SNX22;HIP1R;SESTD1;DENND1B;COMMD1;SNX27;ARFIP1;PLEKHA3;KIF16B;IQGAP2;SNX3
Endopeptidase Inhibitor Activity (GO:0004866),0.2481977342945417,0.8141046473838154,1.157429498616075,0.38372195512872326,SERPIND1;SPOCK3
Lipoprotein Particle Receptor Binding (GO:0070325),0.7102342786683107,1.0,0.8080591031027989,0.3093189508265533,SYT1;APBB3;PICALM;AP2M1;DKK1
Hsp70 Protein Binding (GO:0030544),0.3911007025761124,0.8220339923228827,1.0689145659445611,0.3922804269228001,CYP2E1;SACS;DNAJB2
Solute:Proton Symporter Activity (GO:0015295),0.705655526992288,1.0,0.8067194770728233,0.32818107316438255,SLC15A4;SLC2A13;MFSD3
DNA-directed DNA Polymerase Activity (GO:0003887),0.06493506493506493,0.5944049811453127,1.5252171953680176,0.607566952244887,REV1;POLM;POLI;REV3L;POLDIP2
NAD Binding (GO:0051287),0.3006134969325153,0.7899198353374499,1.1323051797299073,0.4322979820703588,CTBP1;ZC3HAV1;CRYZ;SIRT5;SIRT3;QDPR;ME1
Calcium-Dependent Phospholipid Binding (GO:0005544),0.13309352517985612,0.6611959701007475,1.3167639001207625,0.4746046920602175,MCTP2;SYT1;ANXA5;SYT8;CPNE1;C2CD5
Serine-Type Endopeptidase Inhibitor Activity (GO:0004867),0.03773584905660377,0.6035451197053406,1.530031940291909,0.537593993621257,SERPIND1
Nucleoside Monophosphate Kinase Activity (GO:0050145),0.6893617021276596,0.9863303294378222,-0.8210492777229897,-0.25742920663484964,CASK;CMPK2;DTYMK;LRGUK;TJP2;AK8;AK7;AK5;DLG2;DLG1
Protein Phosphatase Inhibitor Activity (GO:0004864),0.09559748427672957,0.5917598184076406,1.4147082957511055,0.5569831838799826,PTN;PPP1R2;LGALS3;MYOZ1;PPP1R1B;ENSA
Arachidonic Acid Monooxygenase Activity (GO:0008391),0.06162464985994398,0.5349620165745856,1.4774740194173024,0.6417156644188601,CYP2C9;CYP2E1
Poly-Purine Tract Binding (GO:0070717),0.592326139088729,0.9954964004687763,0.905907856178993,0.3468785756808498,RBPMS;PPIE;DAZAP1;PABPN1;PABPC1L;ZC3H14;KHDRBS1;MCRS1;RBMS3;HNRNPU;FMR1;PABPC5
Guanyl-Nucleotide Exchange Factor Activity (GO:0005085),0.8723618090452261,1.0,0.7927133593948592,0.2547541780921921,BCR;ELMO1;ITSN1;EIF2B2;HERC2;RABGEF1;ARHGEF18;ARHGEF3;EIF2B1;DENND5B;DOCK8;SH3BP5;EIF2B3;LAMTOR3;RGL2;DENND4B;FARP1;RAP1A;EIF2B4;PSD;RALGPS2;DOCK3;SERGEF;VAV2;ARHGEF7;DIS3;ARHGEF25;RANGRF;DENND1B;CCDC88A;FARP2;RAB3GAP1;EEF1D;MCF2;RCBTB2;DENND5A;DENND6A
Endonuclease Activity (GO:0004519),0.03275109170305677,0.5786291936904476,1.515984945042359,0.5270802932142612,ERN2;APLF;PMS2;AGO2;EXOG;ZC3H12B;MUS81;ZC3H12A;MBLAC1;PIWIL3;ERCC5;DIS3;AGO4;OGG1;DICER1;N4BP2;RNASET2;ENDOG;APEX1;ELAC2
mRNA Binding (GO:0003729),0.08208208208208208,0.7627180736252203,1.226942831981539,0.3940422333949739,MSI1;LUC7L3;ZAR1L;RNPS1;PCF11;TUT1;PTBP2;AGO2;ATXN2L;DXO;RBPMS;RBPMS2;CRYZ;PPIE;ZC3H12B;LSM14B;RBM25;PARN;CPSF7;LUC7L2;DAZAP1;SUPT5H;CHTOP;ZNF638;ELAVL1;PUM2;DDX6;LUC7L;SNRNP35;ZC3H12A;CSTF3;SRSF1;HNRNPA2B1;RC3H1;N4BP1;CIRBP;PABPC1L;CNBP;TRA2B;FYTTD1;DDX5;SAMD4A;PCBP1;TARDBP;CPEB3;TPR;NELFE;ELAVL2;MYH10;EIF4G3;HNRNPK;LARP1;RBM15B;CPSF6;SRSF7;CPEB2;UPF3A;HNRNPC;LARP7;KHDRBS1;ESRP2;NR5A1;MSI2;SERBP1;UPF3B;ESRP1;ANGEL2;RNF40;DENR;SYNCRIP;YTHDF1;NUP98;RBMS3;SSB;PTBP3;HNRNPL;FUBP1;HNRNPU;DCP1A;SAMD4B;PPP1R8;BOLL;GNL3;IGF2BP2;MYEF2;RPL35;SF3B6;RBM5;RPS7;FMR1;NOL3;TIAL1;PABPC5;RBM15
Amino Acid Transmembrane Transporter Activity (GO:0015171),0.18181818181818182,0.7064134646582556,-1.1460653740192102,-0.2567262982665411,SLC6A6;SLC38A10;SLC38A1;SLC9A3R1;SLC43A2;SLC43A1;SLC7A9;SLC38A9;SLC7A4;SLC38A2;SLC25A12;SLC7A6;SLC36A1;SLC22A4;SLC7A11;SLC38A4;SLC1A3;SLC7A8;SLC3A2;SLC7A5;SLC1A2;SLC6A20;TSPO2;SLC7A14;SLC38A11;SLC6A13;SLC6A14;SLC38A8;SLC1A5
"Phosphatidylinositol-3,4,5-Trisphosphate Binding (GO:0005547)",0.7763975155279503,1.0,-0.8289793862200484,-0.2102757722621561,FERMT2;ARAP2;ZFYVE1;ZFYVE16;RACGAP1;ARAP1;MYO10;PARD3
Hormone Receptor Binding (GO:0051427),0.36569148936170215,0.8034099306753,1.0906261960817107,0.4534356848081636,GH1
Voltage-Gated Calcium Channel Activity (GO:0005245),0.5914702581369248,1.0,0.9075936990898312,0.31910337889838236,CACNB2;SCN1A;CACNB4;SCN11A;CACNB1;CACNA1D;CACNA1C
Monoatomic Anion Channel Activity (GO:0005253),0.3661504424778761,0.8085324356957302,1.0994637464534187,0.38686035444274164,SLC17A6;ANO3;LRRC8D;SLC17A8;CLCN7;ANO5;CLCC1;SLC1A4
Nuclear Retinoic Acid Receptor Binding (GO:0042974),0.3403361344537815,0.8211930044538485,1.1133151013077938,0.46054923246865914,NSD1;PRMT2;NR4A2
Microtubule Plus-End Binding (GO:0051010),0.06275033377837116,0.5551463065275221,1.4977291669099495,0.6198414952767873,CLASP2;CLASP1;NUMA1;TBCB
Epidermal Growth Factor Receptor Binding (GO:0005154),0.8663101604278075,0.9875511705993284,-0.7802482313319944,-0.22246312608054938,SNX2;HIP1;TNK2
Gap Junction Channel Activity (GO:0005243),0.2457516339869281,0.7627954266421119,1.2201337534371701,0.4936922190320395,PANX3
S-adenosylmethionine-dependent Methyltransferase Activity (GO:0008757),0.12027491408934708,0.6610483892492061,1.3141219791165966,0.47083694461544484,MUC1;KMT2A;PRMT7;METTL8;TRMT2A;FBLL1;COMTD1;FBL;SETD3;PCMTD2;THUMPD2;DNMT3A
poly(U) RNA Binding (GO:0008266),0.7126436781609196,1.0,0.7922929730495727,0.31540206411531035,DAZAP1;DIS3L2;PABPC1L;HNRNPC;KHDRBS1;MCRS1;RBMS3;SSB;IFIT5;FMR1;PABPC5
Nuclear Androgen Receptor Binding (GO:0050681),0.37579617834394907,0.8049285810537663,1.078160902300529,0.4265362658185367,FOXH1;NSD1;PRMT2
Monoatomic Anion Transmembrane Transporter Activity (GO:0008509),0.7248322147651006,1.0,0.7744326466037283,0.3137648799007172,CLCN6;CLCN7;SLC39A14;SLC26A3
Gamma-Tubulin Binding (GO:0043015),0.4688995215311005,0.8620673043170919,-0.9821521669364536,-0.2681779374280647,MARK4;DDX3X;DIXDC1;TUBGCP4;TUBGCP3;TUBGCP6
Wide Pore Channel Activity (GO:0022829),0.4221938775510204,0.8728334648776638,1.0357949932628066,0.41193628576283037,PANX3
PDZ Domain Binding (GO:0030165),0.04938271604938271,0.5838040568511108,-1.2778678318317953,-0.28064976631029087,TBC1D10A;PLEKHA2;SRR;SYNJ2;ATP2B4;NSF;MAP2K2;ARHGAP29;SLC9A3R1;PTEN;FZD4;CIT;CLCN3;ADRB1;SLC22A4;ATP2B3;KIF14;KCNJ4;FZD1;CXADR;CCDC88C;TGFBR3;SNTG2;DOCK4;F11R;TMEM88;ATP2B2;GRID2
Active Monoatomic Ion Transmembrane Transporter Activity (GO:0022853),0.1095360824742268,0.6055792733969529,1.4070312203440372,0.5564805164257024,SLC47A2;COX7A1;UQCR10;UQCRH;SLC47A1;SLC18A1
L-amino Acid Transmembrane Transporter Activity (GO:0015179),0.933911159263272,1.0,0.618592132788369,0.2140959275439625,SLC17A6;SLC15A4;SLC17A8;SLC16A10;SLC7A1;SLC47A1;SLC1A4
RNA Polymerase Binding (GO:0070063),0.38348868175765644,0.8001491945823717,1.089986266627113,0.45990053262212427,STOM;PABPN1;PPIB;TCERG1L;CCNT2;TAF10;PKN2
Phosphatidic Acid Binding (GO:0070300),0.7651821862348178,1.0,-0.7980568635212613,-0.24453490116570498,MICALL1;PACSIN2;GRAMD1B;OPA1;PLTP
Methylated Histone Binding (GO:0035064),0.175704989154013,0.770014691580276,1.2341225404100284,0.423565245599504,CBX1;TDRD3;ING1;THAP7;MSH6;SPIN1;ING2;ZCWPW1;PHF13;PHF1;MBTD1;L3MBTL1;CBX5;SPIN2A;SPIN3;DPF2;NCAPD3;ING5;PWWP2A;ZMYND8;CHD1;PHF19
CCR Chemokine Receptor Binding (GO:0048020),0.021897810218978103,0.4010372107998712,-1.494870675676126,-0.37142806191077027,MSMP;NES;CCL8;CCL26;CCL22;XCL2;CCL2;DEFB1;CX3CL1;CCL7;CCL25;CCL5;CCRL2;XCL1;CCL23;CCL13;CCL27;CCL21;CCL14;CCL4;CCR2;CCL3L1;CCL19;CCL24;CXCL13;CCL3;CCL18;CCL17;CCL20
Nuclear Thyroid Hormone Receptor Binding (GO:0046966),0.09021601016518424,0.5755585670106675,1.384729681613241,0.5258279610675449,NSD1;PRMT2;HMGN3;MED4;GTF2B;THRAP3;GTF2H1;MED16;ZNHIT3
Receptor Antagonist Activity (GO:0048019),0.994413407821229,1.0,0.4232264938544523,0.17861954079006456,DKK3;DKK1;WFIKKN2
Iron Ion Binding (GO:0005506),0.4351145038167939,0.8841641318517599,1.0266391723239086,0.3632285766906566,RIOX1;DNAJC24;CDO1;FXN;HIF1AN;FBXL5;CYP2R1;ALKBH2;FTO;PHF1;ADO
Basic Amino Acid Transmembrane Transporter Activity (GO:0015174),0.9429657794676806,0.9923219263143369,-0.5994497808542537,-0.20516787768079126,SLC38A9;SLC7A4;SLC7A6;SLC25A2
Phosphatase Binding (GO:0019902),0.9290853031860226,1.0,0.6809410712409263,0.22246926044974963,CRY1;TERF2IP;SHOC2;SIGLEC11;LGALS3;MAST2;SH3YL1;FBXL2;EIF2AK3;PPP1R32;CSRNP2;STX17;MTMR9;MAP2K7;DZIP3;CRY2;SNX3;MAGI2;TRAF2;MAPK1;ANAPC7;TSC2;TRAF3;PPP3R1;TBK1
Protein Kinase Regulator Activity (GO:0019887),0.3410041841004184,0.811963118147997,1.1018189017044357,0.36346324401505664,CDKN1A;SOCS1;CCNB3;CCNJ;NEK9;SH3BP5;CCNC;HEXIM1;STRADA;PPP1R1B;PRKRIP1;PARVA;WNT11;DNAJC3;CDKN1C;CCNE1;CNPPD1;MOB2;FAF1;ELP4;KIDINS220;MOB1B;CCNL2;CCNO;GMFB;PDE8A;PRKAR2B;CSNK2B;CCNY
Neurotransmitter Receptor Activity Involved In Regulation Of Postsynaptic Membrane Potential (GO:0099529),0.12340966921119594,0.577582782652656,1.390636099120993,0.5661275513100132,GRIK1;GRIK5
Transmembrane Receptor Protein Tyrosine Kinase Activity (GO:0004714),0.1615819209039548,0.742645633420568,1.2734292916246648,0.4485944774206122,INSR;NTRK2
Bicarbonate Transmembrane Transporter Activity (GO:0015106),0.06486486486486487,0.5575111812680874,1.457165038868207,0.6110230861090657,SLC4A3;SLC4A11
Calcium Ion Transmembrane Transporter Activity (GO:0015085),0.03858520900321544,0.536470665614312,1.4974421939277207,0.5118222119724551,SLC24A2;SLC8B1;TRPM1;TRPV6;SLC24A3;CACNB2;ATP2C1;TRPV5;PKD1;MCOLN1;ATP2A1;TRPC3;UCP3;TRPC1;SLC24A5;SLC24A1;TMCO1;CACNA1D;ANXA6;TRPM7
Lysophospholipase Activity (GO:0004622),0.9663648124191462,1.0,0.5055330372234847,0.20298034872778598,PNPLA7;LYPLAL1;PNPLA6
Phosphatidylinositol-4-Phosphate Binding (GO:0070273),0.9590909090909091,0.9887027339411186,-0.5852066535670067,-0.16752269237531595,GOLPH3;PLEKHA8P1;GOLPH3L
Peptidase Activator Activity Involved In Apoptotic Process (GO:0016505),0.883008356545961,1.0,0.6305192766320974,0.2606567878902887,CTSV;EBAG9;RPS27L
Actinin Binding (GO:0042805),0.760898282694848,1.0,0.7594029210764093,0.3034342026901141,CSRP2;KCNN2;RELA;CACNA1D
Phosphatidylinositol Bisphosphate Binding (GO:1902936),0.5684430512016719,0.970692188924233,0.9586971755191973,0.32390948207903736,KCNJ1;WDR45B;SNAP91;FRMPD4;TTPAL;SNX21;PICALM;SNX18;KCNQ1;KRIT1;HIP1R;SESTD1;COMMD1;FLII;KIF16B;SNX3;OSBPL2
Delayed Rectifier Potassium Channel Activity (GO:0005251),0.9051724137931034,1.0,0.6145278702496733,0.23386311973531354,KCNC2
Kinase Binding (GO:0019900),0.779,0.9837172783478032,0.9031239876570574,0.28563350234139306,RICTOR;BAG5;TEX14;MYOM2;PTN;PAX6;PER1;DVL1;CDK5RAP3;CDKN1A;SOCS1;SNAP91;PARP6;GADD45A;NEK9;HDAC9;PARP16;UFL1;NR4A3;STK11IP;TELO2;MAML1;ORC3;PARN;AXIN1;TOM1L2;PKD1;PRAM1;RNF138;CAMK2N2;ELAVL1;RAB11FIP2;CDC42;GDF3;CASP9;ILK;PTPN2;LRRC14;WWC3;STRADA;PRKRIP1;PIP5K1A;ESR1;TBC1D14;DNAJC3;DUSP3;EXOC2;ADIPOR1;FAM83H;RAC1;VRK2;IBTK;USP37;HSF1;ARHGEF7;CTBP2;BORA;FZD5;CCNK;RAD23A;RELA;MAP2K3;FAF1;HTT
Retinoid Binding (GO:0005501),0.10471204188481675,0.4805340140747896,-1.3626864811118826,-0.3744843878807387,E2F1;KDM5A;SERPINA5;RARA;CYP2W1;UGT1A9;ARID4A;UGT1A6;CYP26C1;CYP27C1;CYP26B1;PTGDS;UGT2B15;UGT1A10;CYP26A1;UGT1A7;CRABP1;UGT2B4;NR2F2
Cell Adhesion Mediator Activity (GO:0098631),0.8372093023255814,0.9565359086983689,-0.7640753554358477,-0.21343038690587146,CD47;CLSTN3;BCAT2;CD200;PLXNB3;ROBO4;NINJ1;EMB
Sterol Binding (GO:0032934),0.6987951807228916,0.9749077204360425,-0.9063711334343333,-0.2101838894002232,GRAMD1A;NPC2;TSPO;STARD5;OSBPL6;ABCG1;SYP;OSBP2;GRAMD1B;GRAMD1C;SLC38A9;STARD3;SULT2B1;OSBPL3;PROM1;OSBPL8;VDAC2;CETP;APOF;OSBP;SH2D2A;INSIG2;CAV1
Transcription Coactivator Binding (GO:0001223),0.3,0.7064719570480575,-1.1042959846788583,-0.28238884657032104,FLYWCH1;MED9;STAT6;TEAD2;AKR1B1;MED1;RPL17;THRB;RARA;EP300;GATA6;CIT;EPAS1
Ligand-Gated Monoatomic Cation Channel Activity (GO:0099094),0.09206349206349207,0.6766640357800578,1.3476608211203762,0.45433874381809586,GRIK1;KCNJ1;GRIK5;KCNK1;SHROOM2;CHRNA3;CCDC51;MCOLN1;KCNN2;HTR3E
UDP-glycosyltransferase Activity (GO:0008194),1.0,0.995019845940308,-0.5365654528612731,-0.12761409487814018,GCNT4;HEXB;HYAL1;GXYLT2;CSGALNACT2;UGT2A1;B4GALT1;CSGALNACT1;GCNT2;XXYLT1
1-Acylglycerol-3-Phosphate O-acyltransferase Activity (GO:0003841),0.09689922480620156,0.4674424666145378,-1.3894317715561786,-0.4465947161420404,LCLAT1;LPCAT3;MBOAT7;AGPAT1;LPCAT1;AGPAT5;AGPAT2;LPCAT2
Ferrous Iron Binding (GO:0008198),0.3891625615763547,0.8121146609015935,1.0808411808288307,0.43093075606975006,DNAJC24;CDO1;FXN;HIF1AN;ALKBH2;FTO
Protein Tyrosine Phosphatase Activity (GO:0004725),0.9785177228786252,1.0,0.5851655848919723,0.19863248806415196,DUSP8;TIMM50;PTPN9;PTPN2;MTMR7;DUSP3;PTPN13;PTPN4;DUSP22;PTPN21
Histone Deacetylase Activity (GO:0004407),0.046419098143236075,0.6556711082222945,1.5410520956227394,0.6333354746150192,MIER1;HDAC9;SIRT3;HDAC4;HDAC6;HDAC2;HDAC11;HDAC5;SIRT4
Neuropeptide Activity (GO:0160041),0.0,0.04542664211172499,1.9875229860419308,0.7870527307248142,PPY;CRH
NF-kappaB Binding (GO:0051059),0.1324422843256379,0.6795580110497237,1.3230557105693859,0.5077030402560245,FOXP3;CDK5RAP3;CPNE1;HIF1AN;HDAC2;SETD6;NFKBIA;RELA;FAF1
Ubiquitin-Like Protein Transferase Activity (GO:0019787),0.08008008008008008,0.7679558011049724,1.2493309740115632,0.39999757519030565,FANCL;TRIM13;SIAH2;FBXO22;PEX12;RNF214;FBXL6;MGRN1;KLHL13;SMURF1;TRIM71;HDAC9;UFL1;MAEA;MDM2;TTC3;RNF167;WWP1;HDAC4;UBE2Q2;RNF217;BTRC;HECTD3;RNF5;FBXL5;UBE2G1;UBE3A;RNF2;DDB2;RC3H1;UBE2F;UBE2L3;RNF130;ARIH2;UBE2E3;UBE2D2;UBE2N;UBA3;NEDD4L;MDM4;RNF7;RNF220;RBX1;ANAPC11;UBE2I;RNF182;CBX4;SIAH1;FBXO21;UBE2R2;ITCH;DZIP3;RMND5A;SMURF2;TRIM2;SHARPIN;TRIM37;TRIM47;AREL1;UFC1;RNF40;FBXO25;RNF135;TRAF2;UBE2E2;TRAF6;ZFP91;RNF181;MALT1;TRAF7;TRAF3;CBLL1;UBE2K;RNF213;CDC34;ZNRF1;UBE2D3;BIRC2
Calcium-Release Channel Activity (GO:0015278),0.9960681520314548,1.0,0.36665400708889,0.1526072630309391,MCOLN1;MCOLN3;FKBP1B;ITPR2;ITPR1
